"Student","Homework","Question","Score","Chapter","Method","TopicMethod","Success","Attempts"
139,10,3,1,5,1,"5_1",1,2
110,10,3,1,5,1,"5_1",1,2
127,10,3,0,5,1,"5_1",0,0
132,10,3,1,5,1,"5_1",1,5
108,10,3,1,5,1,"5_1",1,1
102,10,3,0,5,1,"5_1",0,0
135,10,3,1,5,1,"5_1",1,4
121,10,3,1,5,1,"5_1",1,1
112,10,3,1,5,1,"5_1",1,2
122,10,3,1,5,1,"5_1",1,7
123,10,3,1,5,1,"5_1",1,2
140,10,3,1,5,1,"5_1",1,2
124,10,3,1,5,1,"5_1",1,2
116,10,3,1,5,1,"5_1",1,3
105,10,3,1,5,1,"5_1",1,3
109,10,3,1,5,1,"5_1",1,2
120,10,3,1,5,1,"5_1",1,5
138,10,3,1,5,1,"5_1",1,1
133,10,3,1,5,1,"5_1",1,2
129,10,3,1,5,1,"5_1",1,1
137,10,3,1,5,1,"5_1",1,1
104,10,3,1,5,1,"5_1",1,2
136,10,3,0.800000011920929,5,1,"5_1",1,2
106,10,3,1,5,1,"5_1",1,4
134,10,3,1,5,1,"5_1",1,3
111,10,3,1,5,1,"5_1",1,6
107,10,3,1,5,1,"5_1",1,2
114,10,3,0.400000005960464,5,1,"5_1",0,6
128,10,3,1,5,1,"5_1",1,1
101,10,3,1,5,1,"5_1",1,1
117,10,3,1,5,1,"5_1",1,2
115,10,3,1,5,1,"5_1",1,2
113,10,3,1,5,1,"5_1",1,3
119,10,3,1,5,1,"5_1",1,2
125,10,3,1,5,1,"5_1",1,2
103,10,3,1,5,1,"5_1",1,3
131,10,3,1,5,1,"5_1",1,2
130,10,3,1,5,1,"5_1",1,2
126,10,3,1,5,1,"5_1",1,5
118,10,3,0.800000011920929,5,1,"5_1",1,4
139,10,4,1,5,1,"5_1",1,2
110,10,4,1,5,1,"5_1",1,1
127,10,4,0,5,1,"5_1",0,0
132,10,4,1,5,1,"5_1",1,7
108,10,4,1,5,1,"5_1",1,1
102,10,4,0,5,1,"5_1",0,0
135,10,4,1,5,1,"5_1",1,1
121,10,4,1,5,1,"5_1",1,1
112,10,4,1,5,1,"5_1",1,1
122,10,4,1,5,1,"5_1",1,1
123,10,4,1,5,1,"5_1",1,1
140,10,4,0.666666686534882,5,1,"5_1",1,1
124,10,4,1,5,1,"5_1",1,2
116,10,4,1,5,1,"5_1",1,2
105,10,4,1,5,1,"5_1",1,5
109,10,4,1,5,1,"5_1",1,2
120,10,4,1,5,1,"5_1",1,3
138,10,4,1,5,1,"5_1",1,1
133,10,4,1,5,1,"5_1",1,1
129,10,4,1,5,1,"5_1",1,1
137,10,4,1,5,1,"5_1",1,2
104,10,4,1,5,1,"5_1",1,2
136,10,4,1,5,1,"5_1",1,2
106,10,4,1,5,1,"5_1",1,2
134,10,4,1,5,1,"5_1",1,2
111,10,4,1,5,1,"5_1",1,2
107,10,4,1,5,1,"5_1",1,1
114,10,4,1,5,1,"5_1",1,1
128,10,4,1,5,1,"5_1",1,1
101,10,4,1,5,1,"5_1",1,1
117,10,4,1,5,1,"5_1",1,1
115,10,4,1,5,1,"5_1",1,5
113,10,4,1,5,1,"5_1",1,2
119,10,4,1,5,1,"5_1",1,1
125,10,4,1,5,1,"5_1",1,1
103,10,4,1,5,1,"5_1",1,2
131,10,4,1,5,1,"5_1",1,1
130,10,4,1,5,1,"5_1",1,2
126,10,4,1,5,1,"5_1",1,1
118,10,4,1,5,1,"5_1",1,2
139,10,5,1,5,1,"5_1",1,4
110,10,5,1,5,1,"5_1",1,1
127,10,5,0,5,1,"5_1",0,0
132,10,5,1,5,1,"5_1",1,5
108,10,5,1,5,1,"5_1",1,2
102,10,5,0,5,1,"5_1",0,0
135,10,5,1,5,1,"5_1",1,1
121,10,5,1,5,1,"5_1",1,1
112,10,5,1,5,1,"5_1",1,1
122,10,5,1,5,1,"5_1",1,1
123,10,5,1,5,1,"5_1",1,1
140,10,5,0.75,5,1,"5_1",1,2
124,10,5,1,5,1,"5_1",1,1
116,10,5,1,5,1,"5_1",1,1
105,10,5,0.75,5,1,"5_1",1,5
109,10,5,1,5,1,"5_1",1,1
120,10,5,1,5,1,"5_1",1,6
138,10,5,1,5,1,"5_1",1,1
133,10,5,1,5,1,"5_1",1,3
129,10,5,1,5,1,"5_1",1,1
137,10,5,1,5,1,"5_1",1,1
104,10,5,1,5,1,"5_1",1,1
136,10,5,1,5,1,"5_1",1,1
106,10,5,1,5,1,"5_1",1,3
134,10,5,1,5,1,"5_1",1,1
111,10,5,1,5,1,"5_1",1,1
107,10,5,1,5,1,"5_1",1,1
114,10,5,1,5,1,"5_1",1,2
128,10,5,1,5,1,"5_1",1,1
101,10,5,1,5,1,"5_1",1,1
117,10,5,1,5,1,"5_1",1,2
115,10,5,1,5,1,"5_1",1,2
113,10,5,1,5,1,"5_1",1,2
119,10,5,1,5,1,"5_1",1,1
125,10,5,1,5,1,"5_1",1,1
103,10,5,1,5,1,"5_1",1,1
131,10,5,1,5,1,"5_1",1,2
130,10,5,1,5,1,"5_1",1,2
126,10,5,1,5,1,"5_1",1,1
118,10,5,1,5,1,"5_1",1,1
139,10,6,1,5,1,"5_1",1,6
110,10,6,1,5,1,"5_1",1,1
127,10,6,0,5,1,"5_1",0,0
132,10,6,1,5,1,"5_1",1,6
108,10,6,0.800000011920929,5,1,"5_1",1,3
102,10,6,0,5,1,"5_1",0,0
135,10,6,0.800000011920929,5,1,"5_1",1,2
121,10,6,1,5,1,"5_1",1,2
112,10,6,1,5,1,"5_1",1,3
122,10,6,1,5,1,"5_1",1,2
123,10,6,1,5,1,"5_1",1,1
140,10,6,1,5,1,"5_1",1,1
124,10,6,1,5,1,"5_1",1,7
116,10,6,1,5,1,"5_1",1,3
105,10,6,1,5,1,"5_1",1,3
109,10,6,1,5,1,"5_1",1,3
120,10,6,1,5,1,"5_1",1,10
138,10,6,1,5,1,"5_1",1,1
133,10,6,1,5,1,"5_1",1,2
129,10,6,1,5,1,"5_1",1,1
137,10,6,1,5,1,"5_1",1,2
104,10,6,0.800000011920929,5,1,"5_1",1,5
136,10,6,0.800000011920929,5,1,"5_1",1,4
106,10,6,1,5,1,"5_1",1,2
134,10,6,1,5,1,"5_1",1,2
111,10,6,1,5,1,"5_1",1,2
107,10,6,1,5,1,"5_1",1,4
114,10,6,1,5,1,"5_1",1,6
128,10,6,1,5,1,"5_1",1,1
101,10,6,1,5,1,"5_1",1,3
117,10,6,1,5,1,"5_1",1,1
115,10,6,1,5,1,"5_1",1,6
113,10,6,1,5,1,"5_1",1,2
119,10,6,1,5,1,"5_1",1,1
125,10,6,1,5,1,"5_1",1,5
103,10,6,1,5,1,"5_1",1,3
131,10,6,1,5,1,"5_1",1,6
130,10,6,1,5,1,"5_1",1,4
126,10,6,1,5,1,"5_1",1,2
118,10,6,1,5,1,"5_1",1,2
139,10,7,1,5,1,"5_1",1,1
110,10,7,1,5,1,"5_1",1,1
127,10,7,0,5,1,"5_1",0,0
132,10,7,1,5,1,"5_1",1,1
108,10,7,1,5,1,"5_1",1,1
102,10,7,0,5,1,"5_1",0,0
135,10,7,1,5,1,"5_1",1,1
121,10,7,1,5,1,"5_1",1,4
112,10,7,1,5,1,"5_1",1,2
122,10,7,1,5,1,"5_1",1,1
123,10,7,1,5,1,"5_1",1,1
140,10,7,0.5,5,1,"5_1",0,2
124,10,7,1,5,1,"5_1",1,2
116,10,7,1,5,1,"5_1",1,1
105,10,7,0.75,5,1,"5_1",1,6
109,10,7,1,5,1,"5_1",1,1
120,10,7,1,5,1,"5_1",1,7
138,10,7,1,5,1,"5_1",1,1
133,10,7,1,5,1,"5_1",1,1
129,10,7,1,5,1,"5_1",1,1
137,10,7,1,5,1,"5_1",1,2
104,10,7,1,5,1,"5_1",1,3
136,10,7,1,5,1,"5_1",1,1
106,10,7,1,5,1,"5_1",1,3
134,10,7,1,5,1,"5_1",1,1
111,10,7,1,5,1,"5_1",1,2
107,10,7,1,5,1,"5_1",1,1
114,10,7,1,5,1,"5_1",1,2
128,10,7,1,5,1,"5_1",1,4
101,10,7,1,5,1,"5_1",1,1
117,10,7,1,5,1,"5_1",1,1
115,10,7,1,5,1,"5_1",1,7
113,10,7,1,5,1,"5_1",1,1
119,10,7,1,5,1,"5_1",1,1
125,10,7,1,5,1,"5_1",1,1
103,10,7,1,5,1,"5_1",1,1
131,10,7,1,5,1,"5_1",1,2
130,10,7,1,5,1,"5_1",1,1
126,10,7,1,5,1,"5_1",1,3
118,10,7,1,5,1,"5_1",1,1
139,10,8,1,5,1,"5_1",1,2
110,10,8,1,5,1,"5_1",1,1
127,10,8,0,5,1,"5_1",0,0
132,10,8,1,5,1,"5_1",1,3
108,10,8,1,5,1,"5_1",1,1
102,10,8,0,5,1,"5_1",0,0
135,10,8,1,5,1,"5_1",1,2
121,10,8,1,5,1,"5_1",1,1
112,10,8,1,5,1,"5_1",1,1
122,10,8,1,5,1,"5_1",1,1
123,10,8,1,5,1,"5_1",1,2
140,10,8,0.666666686534882,5,1,"5_1",1,1
124,10,8,1,5,1,"5_1",1,3
116,10,8,1,5,1,"5_1",1,1
105,10,8,0.666666686534882,5,1,"5_1",1,4
109,10,8,1,5,1,"5_1",1,1
120,10,8,1,5,1,"5_1",1,11
138,10,8,1,5,1,"5_1",1,2
133,10,8,1,5,1,"5_1",1,2
129,10,8,1,5,1,"5_1",1,1
137,10,8,1,5,1,"5_1",1,1
104,10,8,1,5,1,"5_1",1,1
136,10,8,1,5,1,"5_1",1,1
106,10,8,1,5,1,"5_1",1,1
134,10,8,1,5,1,"5_1",1,1
111,10,8,1,5,1,"5_1",1,2
107,10,8,1,5,1,"5_1",1,1
114,10,8,1,5,1,"5_1",1,1
128,10,8,1,5,1,"5_1",1,1
101,10,8,1,5,1,"5_1",1,1
117,10,8,1,5,1,"5_1",1,2
115,10,8,1,5,1,"5_1",1,6
113,10,8,1,5,1,"5_1",1,1
119,10,8,1,5,1,"5_1",1,1
125,10,8,1,5,1,"5_1",1,1
103,10,8,1,5,1,"5_1",1,3
131,10,8,1,5,1,"5_1",1,1
130,10,8,1,5,1,"5_1",1,2
126,10,8,1,5,1,"5_1",1,1
118,10,8,1,5,1,"5_1",1,1
139,10,10,1,5,1,"5_1",1,4
110,10,10,1,5,1,"5_1",1,3
127,10,10,0,5,1,"5_1",0,0
132,10,10,1,5,1,"5_1",1,8
108,10,10,1,5,1,"5_1",1,4
102,10,10,0,5,1,"5_1",0,0
135,10,10,1,5,1,"5_1",1,1
121,10,10,1,5,1,"5_1",1,2
112,10,10,1,5,1,"5_1",1,1
122,10,10,1,5,1,"5_1",1,2
123,10,10,1,5,1,"5_1",1,2
140,10,10,1,5,1,"5_1",1,3
124,10,10,1,5,1,"5_1",1,8
116,10,10,1,5,1,"5_1",1,6
105,10,10,1,5,1,"5_1",1,9
109,10,10,1,5,1,"5_1",1,3
120,10,10,1,5,1,"5_1",1,6
138,10,10,1,5,1,"5_1",1,1
133,10,10,0,5,1,"5_1",0,6
129,10,10,1,5,1,"5_1",1,2
137,10,10,1,5,1,"5_1",1,4
104,10,10,1,5,1,"5_1",1,1
136,10,10,1,5,1,"5_1",1,1
106,10,10,1,5,1,"5_1",1,2
134,10,10,1,5,1,"5_1",1,2
111,10,10,1,5,1,"5_1",1,5
107,10,10,1,5,1,"5_1",1,2
114,10,10,1,5,1,"5_1",1,1
128,10,10,1,5,1,"5_1",1,2
101,10,10,1,5,1,"5_1",1,1
117,10,10,1,5,1,"5_1",1,2
115,10,10,1,5,1,"5_1",1,3
113,10,10,1,5,1,"5_1",1,2
119,10,10,1,5,1,"5_1",1,3
125,10,10,1,5,1,"5_1",1,1
103,10,10,1,5,1,"5_1",1,2
131,10,10,1,5,1,"5_1",1,3
130,10,10,1,5,1,"5_1",1,2
126,10,10,1,5,1,"5_1",1,2
118,10,10,1,5,1,"5_1",1,1
139,10,11,1,5,1,"5_1",1,2
110,10,11,1,5,1,"5_1",1,1
127,10,11,0,5,1,"5_1",0,0
132,10,11,1,5,1,"5_1",1,6
108,10,11,1,5,1,"5_1",1,5
102,10,11,0,5,1,"5_1",0,0
135,10,11,1,5,1,"5_1",1,1
121,10,11,1,5,1,"5_1",1,1
112,10,11,1,5,1,"5_1",1,2
122,10,11,1,5,1,"5_1",1,1
123,10,11,1,5,1,"5_1",1,1
140,10,11,1,5,1,"5_1",1,1
124,10,11,1,5,1,"5_1",1,6
116,10,11,1,5,1,"5_1",1,1
105,10,11,1,5,1,"5_1",1,8
109,10,11,1,5,1,"5_1",1,1
120,10,11,1,5,1,"5_1",1,3
138,10,11,1,5,1,"5_1",1,1
133,10,11,0,5,1,"5_1",0,2
129,10,11,1,5,1,"5_1",1,2
137,10,11,1,5,1,"5_1",1,1
104,10,11,1,5,1,"5_1",1,3
136,10,11,1,5,1,"5_1",1,1
106,10,11,1,5,1,"5_1",1,1
134,10,11,1,5,1,"5_1",1,11
111,10,11,1,5,1,"5_1",1,3
107,10,11,1,5,1,"5_1",1,1
114,10,11,1,5,1,"5_1",1,1
128,10,11,1,5,1,"5_1",1,1
101,10,11,1,5,1,"5_1",1,2
117,10,11,1,5,1,"5_1",1,1
115,10,11,1,5,1,"5_1",1,1
113,10,11,1,5,1,"5_1",1,4
119,10,11,1,5,1,"5_1",1,1
125,10,11,1,5,1,"5_1",1,1
103,10,11,1,5,1,"5_1",1,3
131,10,11,1,5,1,"5_1",1,3
130,10,11,1,5,1,"5_1",1,2
126,10,11,1,5,1,"5_1",1,1
118,10,11,1,5,1,"5_1",1,1
139,11,9,1,5,2,"5_2",1,2
110,11,9,0.666666686534882,5,2,"5_2",1,2
127,11,9,1,5,2,"5_2",1,2
132,11,9,1,5,2,"5_2",1,6
108,11,9,0.666666686534882,5,2,"5_2",1,4
102,11,9,0,5,2,"5_2",0,0
135,11,9,0.666666686534882,5,2,"5_2",1,1
121,11,9,1,5,2,"5_2",1,4
112,11,9,1,5,2,"5_2",1,1
122,11,9,1,5,2,"5_2",1,1
123,11,9,1,5,2,"5_2",1,1
140,11,9,1,5,2,"5_2",1,2
124,11,9,1,5,2,"5_2",1,1
116,11,9,1,5,2,"5_2",1,13
105,11,9,1,5,2,"5_2",1,3
109,11,9,1,5,2,"5_2",1,3
120,11,9,1,5,2,"5_2",1,7
138,11,9,1,5,2,"5_2",1,1
133,11,9,0.333333343267441,5,2,"5_2",0,6
129,11,9,1,5,2,"5_2",1,1
137,11,9,1,5,2,"5_2",1,2
104,11,9,1,5,2,"5_2",1,2
136,11,9,1,5,2,"5_2",1,2
106,11,9,1,5,2,"5_2",1,2
134,11,9,1,5,2,"5_2",1,2
111,11,9,1,5,2,"5_2",1,5
107,11,9,0.666666686534882,5,2,"5_2",1,1
114,11,9,1,5,2,"5_2",1,2
128,11,9,1,5,2,"5_2",1,1
101,11,9,1,5,2,"5_2",1,1
117,11,9,1,5,2,"5_2",1,1
115,11,9,1,5,2,"5_2",1,1
113,11,9,1,5,2,"5_2",1,2
119,11,9,1,5,2,"5_2",1,3
125,11,9,1,5,2,"5_2",1,17
103,11,9,1,5,2,"5_2",1,3
131,11,9,0.666666686534882,5,2,"5_2",1,2
130,11,9,1,5,2,"5_2",1,2
126,11,9,1,5,2,"5_2",1,2
118,11,9,1,5,2,"5_2",1,6
139,11,10,1,5,2,"5_2",1,4
110,11,10,1,5,2,"5_2",1,3
127,11,10,0,5,2,"5_2",0,0
132,11,10,1,5,2,"5_2",1,3
108,11,10,0,5,2,"5_2",0,9
102,11,10,0,5,2,"5_2",0,1
135,11,10,0,5,2,"5_2",0,1
121,11,10,1,5,2,"5_2",1,3
112,11,10,1,5,2,"5_2",1,6
122,11,10,1,5,2,"5_2",1,4
123,11,10,1,5,2,"5_2",1,5
140,11,10,1,5,2,"5_2",1,2
124,11,10,1,5,2,"5_2",1,4
116,11,10,1,5,2,"5_2",1,4
105,11,10,1,5,2,"5_2",1,3
109,11,10,0,5,2,"5_2",0,1
120,11,10,1,5,2,"5_2",1,6
138,11,10,0,5,2,"5_2",0,3
133,11,10,0,5,2,"5_2",0,14
129,11,10,1,5,2,"5_2",1,1
137,11,10,1,5,2,"5_2",1,4
104,11,10,0,5,2,"5_2",0,5
136,11,10,1,5,2,"5_2",1,3
106,11,10,1,5,2,"5_2",1,4
134,11,10,1,5,2,"5_2",1,23
111,11,10,1,5,2,"5_2",1,5
107,11,10,0,5,2,"5_2",0,0
114,11,10,0,5,2,"5_2",0,2
128,11,10,0,5,2,"5_2",0,3
101,11,10,1,5,2,"5_2",1,1
117,11,10,1,5,2,"5_2",1,1
115,11,10,0,5,2,"5_2",0,5
113,11,10,1,5,2,"5_2",1,5
119,11,10,1,5,2,"5_2",1,2
125,11,10,1,5,2,"5_2",1,4
103,11,10,0,5,2,"5_2",0,7
131,11,10,0,5,2,"5_2",0,4
130,11,10,1,5,2,"5_2",1,3
126,11,10,1,5,2,"5_2",1,1
118,11,10,0,5,2,"5_2",0,4
139,11,11,1,5,2,"5_2",1,1
110,11,11,0,5,2,"5_2",0,6
127,11,11,1,5,2,"5_2",1,1
132,11,11,1,5,2,"5_2",1,15
108,11,11,0,5,2,"5_2",0,2
102,11,11,0,5,2,"5_2",0,0
135,11,11,0,5,2,"5_2",0,2
121,11,11,1,5,2,"5_2",1,1
112,11,11,1,5,2,"5_2",1,1
122,11,11,1,5,2,"5_2",1,3
123,11,11,1,5,2,"5_2",1,1
140,11,11,1,5,2,"5_2",1,4
124,11,11,1,5,2,"5_2",1,4
116,11,11,1,5,2,"5_2",1,3
105,11,11,1,5,2,"5_2",1,1
109,11,11,0,5,2,"5_2",0,4
120,11,11,0,5,2,"5_2",0,22
138,11,11,1,5,2,"5_2",1,3
133,11,11,0,5,2,"5_2",0,5
129,11,11,1,5,2,"5_2",1,3
137,11,11,1,5,2,"5_2",1,3
104,11,11,1,5,2,"5_2",1,3
136,11,11,1,5,2,"5_2",1,3
106,11,11,1,5,2,"5_2",1,4
134,11,11,1,5,2,"5_2",1,9
111,11,11,1,5,2,"5_2",1,4
107,11,11,0,5,2,"5_2",0,0
114,11,11,1,5,2,"5_2",1,1
128,11,11,1,5,2,"5_2",1,1
101,11,11,1,5,2,"5_2",1,7
117,11,11,1,5,2,"5_2",1,2
115,11,11,0,5,2,"5_2",0,6
113,11,11,1,5,2,"5_2",1,4
119,11,11,1,5,2,"5_2",1,7
125,11,11,1,5,2,"5_2",1,19
103,11,11,0,5,2,"5_2",0,3
131,11,11,0,5,2,"5_2",0,6
130,11,11,1,5,2,"5_2",1,1
126,11,11,1,5,2,"5_2",1,1
118,11,11,1,5,2,"5_2",1,2
139,13,2,1,5,2,"5_2",1,2
110,13,2,1,5,2,"5_2",1,5
127,13,2,1,5,2,"5_2",1,1
132,13,2,1,5,2,"5_2",1,6
108,13,2,1,5,2,"5_2",1,12
102,13,2,0,5,2,"5_2",0,0
135,13,2,1,5,2,"5_2",1,1
121,13,2,1,5,2,"5_2",1,2
112,13,2,1,5,2,"5_2",1,2
122,13,2,1,5,2,"5_2",1,2
123,13,2,1,5,2,"5_2",1,1
140,13,2,0.333333343267441,5,2,"5_2",0,2
124,13,2,1,5,2,"5_2",1,3
116,13,2,1,5,2,"5_2",1,2
105,13,2,1,5,2,"5_2",1,2
109,13,2,0.666666686534882,5,2,"5_2",1,2
120,13,2,1,5,2,"5_2",1,11
138,13,2,1,5,2,"5_2",1,4
133,13,2,1,5,2,"5_2",1,1
129,13,2,1,5,2,"5_2",1,1
137,13,2,1,5,2,"5_2",1,5
104,13,2,1,5,2,"5_2",1,5
136,13,2,1,5,2,"5_2",1,1
106,13,2,1,5,2,"5_2",1,2
134,13,2,1,5,2,"5_2",1,2
111,13,2,1,5,2,"5_2",1,2
107,13,2,0,5,2,"5_2",0,0
114,13,2,1,5,2,"5_2",1,2
128,13,2,1,5,2,"5_2",1,1
101,13,2,1,5,2,"5_2",1,1
117,13,2,1,5,2,"5_2",1,4
115,13,2,1,5,2,"5_2",1,3
113,13,2,1,5,2,"5_2",1,3
119,13,2,1,5,2,"5_2",1,4
125,13,2,1,5,2,"5_2",1,11
103,13,2,1,5,2,"5_2",1,7
131,13,2,0.333333343267441,5,2,"5_2",0,3
130,13,2,1,5,2,"5_2",1,1
126,13,2,1,5,2,"5_2",1,1
118,13,2,1,5,2,"5_2",1,4
139,13,3,1,5,1,"5_1",1,6
110,13,3,1,5,1,"5_1",1,8
127,13,3,1,5,1,"5_1",1,1
132,13,3,1,5,1,"5_1",1,4
108,13,3,1,5,1,"5_1",1,7
102,13,3,0,5,1,"5_1",0,0
135,13,3,0,5,1,"5_1",0,4
121,13,3,1,5,1,"5_1",1,1
112,13,3,1,5,1,"5_1",1,1
122,13,3,0,5,1,"5_1",0,5
123,13,3,1,5,1,"5_1",1,5
140,13,3,0,5,1,"5_1",0,1
124,13,3,1,5,1,"5_1",1,4
116,13,3,1,5,1,"5_1",1,3
105,13,3,0.333333343267441,5,1,"5_1",0,6
109,13,3,0,5,1,"5_1",0,1
120,13,3,1,5,1,"5_1",1,40
138,13,3,1,5,1,"5_1",1,1
133,13,3,1,5,1,"5_1",1,1
129,13,3,1,5,1,"5_1",1,1
137,13,3,1,5,1,"5_1",1,8
104,13,3,1,5,1,"5_1",1,2
136,13,3,1,5,1,"5_1",1,2
106,13,3,1,5,1,"5_1",1,1
134,13,3,1,5,1,"5_1",1,11
111,13,3,1,5,1,"5_1",1,9
107,13,3,0,5,1,"5_1",0,0
114,13,3,1,5,1,"5_1",1,1
128,13,3,1,5,1,"5_1",1,1
101,13,3,1,5,1,"5_1",1,1
117,13,3,1,5,1,"5_1",1,11
115,13,3,1,5,1,"5_1",1,3
113,13,3,1,5,1,"5_1",1,2
119,13,3,1,5,1,"5_1",1,1
125,13,3,1,5,1,"5_1",1,2
103,13,3,1,5,1,"5_1",1,13
131,13,3,0.333333343267441,5,1,"5_1",0,3
130,13,3,1,5,1,"5_1",1,3
126,13,3,1,5,1,"5_1",1,2
118,13,3,1,5,1,"5_1",1,7
139,16,2,1,7,1,"7_1",1,3
110,16,2,1,7,1,"7_1",1,2
127,16,2,1,7,1,"7_1",1,2
132,16,2,1,7,1,"7_1",1,9
108,16,2,1,7,1,"7_1",1,1
102,16,2,1,7,1,"7_1",1,1
135,16,2,1,7,1,"7_1",1,1
121,16,2,1,7,1,"7_1",1,4
112,16,2,1,7,1,"7_1",1,1
122,16,2,0,7,1,"7_1",0,4
123,16,2,1,7,1,"7_1",1,1
140,16,2,1,7,1,"7_1",1,1
124,16,2,1,7,1,"7_1",1,1
116,16,2,1,7,1,"7_1",1,1
105,16,2,1,7,1,"7_1",1,1
109,16,2,1,7,1,"7_1",1,1
120,16,2,1,7,1,"7_1",1,2
138,16,2,1,7,1,"7_1",1,1
133,16,2,1,7,1,"7_1",1,1
129,16,2,1,7,1,"7_1",1,1
137,16,2,1,7,1,"7_1",1,4
104,16,2,1,7,1,"7_1",1,1
136,16,2,1,7,1,"7_1",1,1
106,16,2,1,7,1,"7_1",1,1
134,16,2,1,7,1,"7_1",1,1
111,16,2,1,7,1,"7_1",1,4
107,16,2,1,7,1,"7_1",1,2
114,16,2,1,7,1,"7_1",1,1
128,16,2,1,7,1,"7_1",1,1
101,16,2,1,7,1,"7_1",1,1
117,16,2,1,7,1,"7_1",1,8
115,16,2,1,7,1,"7_1",1,1
113,16,2,1,7,1,"7_1",1,2
119,16,2,0,7,1,"7_1",0,0
125,16,2,1,7,1,"7_1",1,1
103,16,2,1,7,1,"7_1",1,1
131,16,2,0,7,1,"7_1",0,0
130,16,2,1,7,1,"7_1",1,1
126,16,2,1,7,1,"7_1",1,1
118,16,2,1,7,1,"7_1",1,1
139,16,3,1,7,1,"7_1",1,1
110,16,3,1,7,1,"7_1",1,6
127,16,3,1,7,1,"7_1",1,2
132,16,3,1,7,1,"7_1",1,1
108,16,3,1,7,1,"7_1",1,2
102,16,3,0.333333343267441,7,1,"7_1",0,1
135,16,3,1,7,1,"7_1",1,1
121,16,3,1,7,1,"7_1",1,3
112,16,3,1,7,1,"7_1",1,1
122,16,3,1,7,1,"7_1",1,2
123,16,3,1,7,1,"7_1",1,1
140,16,3,1,7,1,"7_1",1,2
124,16,3,1,7,1,"7_1",1,2
116,16,3,1,7,1,"7_1",1,1
105,16,3,1,7,1,"7_1",1,1
109,16,3,1,7,1,"7_1",1,1
120,16,3,1,7,1,"7_1",1,7
138,16,3,1,7,1,"7_1",1,2
133,16,3,1,7,1,"7_1",1,4
129,16,3,1,7,1,"7_1",1,2
137,16,3,1,7,1,"7_1",1,1
104,16,3,1,7,1,"7_1",1,4
136,16,3,1,7,1,"7_1",1,2
106,16,3,1,7,1,"7_1",1,6
134,16,3,1,7,1,"7_1",1,2
111,16,3,1,7,1,"7_1",1,1
107,16,3,0.333333343267441,7,1,"7_1",0,2
114,16,3,1,7,1,"7_1",1,1
128,16,3,1,7,1,"7_1",1,1
101,16,3,1,7,1,"7_1",1,1
117,16,3,1,7,1,"7_1",1,1
115,16,3,1,7,1,"7_1",1,1
113,16,3,1,7,1,"7_1",1,1
119,16,3,0,7,1,"7_1",0,0
125,16,3,1,7,1,"7_1",1,5
103,16,3,1,7,1,"7_1",1,5
131,16,3,1,7,1,"7_1",1,2
130,16,3,1,7,1,"7_1",1,1
126,16,3,1,7,1,"7_1",1,3
118,16,3,1,7,1,"7_1",1,2
139,16,4,1,7,1,"7_1",1,4
110,16,4,1,7,2,"7_2",1,1
127,16,4,0.5,7,1,"7_1",0,2
132,16,4,1,7,2,"7_2",1,4
108,16,4,1,7,1,"7_1",1,2
102,16,4,0.5,7,2,"7_2",0,1
135,16,4,1,7,1,"7_1",1,1
121,16,4,1,7,2,"7_2",1,4
112,16,4,1,7,1,"7_1",1,2
122,16,4,1,7,2,"7_2",1,2
123,16,4,1,7,1,"7_1",1,1
140,16,4,1,7,2,"7_2",1,3
124,16,4,1,7,1,"7_1",1,8
116,16,4,1,7,2,"7_2",1,1
105,16,4,1,7,1,"7_1",1,11
109,16,4,1,7,2,"7_2",1,1
120,16,4,1,7,1,"7_1",1,8
138,16,4,1,7,2,"7_2",1,4
133,16,4,1,7,1,"7_1",1,4
129,16,4,1,7,2,"7_2",1,7
137,16,4,1,7,1,"7_1",1,2
104,16,4,1,7,2,"7_2",1,4
136,16,4,1,7,1,"7_1",1,1
106,16,4,1,7,2,"7_2",1,2
134,16,4,1,7,1,"7_1",1,2
111,16,4,1,7,2,"7_2",1,1
107,16,4,0.5,7,1,"7_1",0,1
114,16,4,1,7,2,"7_2",1,2
128,16,4,1,7,1,"7_1",1,1
101,16,4,1,7,2,"7_2",1,4
117,16,4,1,7,1,"7_1",1,2
115,16,4,0.5,7,2,"7_2",0,8
113,16,4,1,7,1,"7_1",1,2
119,16,4,0,7,2,"7_2",0,0
125,16,4,1,7,1,"7_1",1,2
103,16,4,1,7,2,"7_2",1,4
131,16,4,1,7,1,"7_1",1,1
130,16,4,1,7,2,"7_2",1,2
126,16,4,1,7,1,"7_1",1,3
118,16,4,1,7,2,"7_2",1,3
139,16,5,1,7,1,"7_1",1,3
110,16,5,0.666666686534882,7,2,"7_2",1,1
127,16,5,0,7,1,"7_1",0,0
132,16,5,1,7,2,"7_2",1,3
108,16,5,1,7,1,"7_1",1,2
102,16,5,0.333333343267441,7,2,"7_2",0,2
135,16,5,1,7,1,"7_1",1,1
121,16,5,1,7,2,"7_2",1,2
112,16,5,1,7,1,"7_1",1,1
122,16,5,0.333333343267441,7,2,"7_2",0,2
123,16,5,1,7,1,"7_1",1,1
140,16,5,1,7,2,"7_2",1,3
124,16,5,1,7,1,"7_1",1,3
116,16,5,1,7,2,"7_2",1,1
105,16,5,1,7,1,"7_1",1,1
109,16,5,1,7,2,"7_2",1,1
120,16,5,1,7,1,"7_1",1,7
138,16,5,1,7,2,"7_2",1,1
133,16,5,1,7,1,"7_1",1,3
129,16,5,1,7,2,"7_2",1,2
137,16,5,1,7,1,"7_1",1,3
104,16,5,1,7,2,"7_2",1,4
136,16,5,1,7,1,"7_1",1,1
106,16,5,1,7,2,"7_2",1,4
134,16,5,1,7,1,"7_1",1,2
111,16,5,1,7,2,"7_2",1,2
107,16,5,0,7,1,"7_1",0,0
114,16,5,1,7,2,"7_2",1,1
128,16,5,1,7,1,"7_1",1,1
101,16,5,1,7,2,"7_2",1,1
117,16,5,1,7,1,"7_1",1,3
115,16,5,1,7,2,"7_2",1,1
113,16,5,1,7,1,"7_1",1,1
119,16,5,0,7,2,"7_2",0,0
125,16,5,1,7,1,"7_1",1,4
103,16,5,1,7,2,"7_2",1,8
131,16,5,0.333333343267441,7,1,"7_1",0,1
130,16,5,1,7,2,"7_2",1,1
126,16,5,1,7,1,"7_1",1,3
118,16,5,1,7,2,"7_2",1,2
139,16,6,1,7,1,"7_1",1,1
110,16,6,1,7,1,"7_1",1,1
127,16,6,0,7,1,"7_1",0,0
132,16,6,1,7,1,"7_1",1,1
108,16,6,1,7,1,"7_1",1,1
102,16,6,1,7,1,"7_1",1,1
135,16,6,1,7,1,"7_1",1,1
121,16,6,1,7,1,"7_1",1,2
112,16,6,1,7,1,"7_1",1,1
122,16,6,1,7,1,"7_1",1,1
123,16,6,1,7,1,"7_1",1,1
140,16,6,1,7,1,"7_1",1,1
124,16,6,1,7,1,"7_1",1,1
116,16,6,1,7,1,"7_1",1,1
105,16,6,1,7,1,"7_1",1,1
109,16,6,1,7,1,"7_1",1,1
120,16,6,1,7,1,"7_1",1,6
138,16,6,1,7,1,"7_1",1,1
133,16,6,1,7,1,"7_1",1,1
129,16,6,1,7,1,"7_1",1,2
137,16,6,1,7,1,"7_1",1,1
104,16,6,1,7,1,"7_1",1,2
136,16,6,1,7,1,"7_1",1,1
106,16,6,1,7,1,"7_1",1,1
134,16,6,1,7,1,"7_1",1,1
111,16,6,1,7,1,"7_1",1,1
107,16,6,0,7,1,"7_1",0,0
114,16,6,1,7,1,"7_1",1,1
128,16,6,1,7,1,"7_1",1,1
101,16,6,1,7,1,"7_1",1,1
117,16,6,1,7,1,"7_1",1,1
115,16,6,1,7,1,"7_1",1,1
113,16,6,1,7,1,"7_1",1,1
119,16,6,0,7,1,"7_1",0,0
125,16,6,1,7,1,"7_1",1,1
103,16,6,1,7,1,"7_1",1,2
131,16,6,0,7,1,"7_1",0,2
130,16,6,1,7,1,"7_1",1,1
126,16,6,1,7,1,"7_1",1,1
118,16,6,1,7,1,"7_1",1,1
139,16,7,1,7,1,"7_1",1,2
110,16,7,0.5,7,2,"7_2",0,1
127,16,7,0,7,1,"7_1",0,0
132,16,7,1,7,2,"7_2",1,7
108,16,7,1,7,1,"7_1",1,3
102,16,7,0.75,7,2,"7_2",1,3
135,16,7,0.75,7,1,"7_1",1,1
121,16,7,1,7,2,"7_2",1,2
112,16,7,1,7,1,"7_1",1,2
122,16,7,1,7,2,"7_2",1,3
123,16,7,1,7,1,"7_1",1,1
140,16,7,1,7,2,"7_2",1,4
124,16,7,1,7,1,"7_1",1,5
116,16,7,1,7,2,"7_2",1,2
105,16,7,0.75,7,1,"7_1",1,11
109,16,7,1,7,2,"7_2",1,2
120,16,7,1,7,1,"7_1",1,6
138,16,7,0.75,7,2,"7_2",1,5
133,16,7,1,7,1,"7_1",1,2
129,16,7,1,7,2,"7_2",1,3
137,16,7,1,7,1,"7_1",1,3
104,16,7,1,7,2,"7_2",1,4
136,16,7,1,7,1,"7_1",1,1
106,16,7,1,7,2,"7_2",1,4
134,16,7,1,7,1,"7_1",1,3
111,16,7,1,7,2,"7_2",1,3
107,16,7,0,7,1,"7_1",0,0
114,16,7,1,7,2,"7_2",1,1
128,16,7,1,7,1,"7_1",1,1
101,16,7,1,7,2,"7_2",1,2
117,16,7,1,7,1,"7_1",1,4
115,16,7,1,7,2,"7_2",1,2
113,16,7,1,7,1,"7_1",1,1
119,16,7,0,7,2,"7_2",0,0
125,16,7,1,7,1,"7_1",1,6
103,16,7,1,7,2,"7_2",1,7
131,16,7,0,7,1,"7_1",0,0
130,16,7,1,7,2,"7_2",1,1
126,16,7,1,7,1,"7_1",1,2
118,16,7,1,7,2,"7_2",1,2
139,16,8,1,7,1,"7_1",1,7
110,16,8,0.25,7,1,"7_1",0,1
127,16,8,0,7,1,"7_1",0,0
132,16,8,1,7,1,"7_1",1,11
108,16,8,0.5,7,1,"7_1",0,3
102,16,8,0,7,1,"7_1",0,0
135,16,8,0.5,7,1,"7_1",0,1
121,16,8,1,7,1,"7_1",1,17
112,16,8,1,7,1,"7_1",1,2
122,16,8,0.25,7,1,"7_1",0,1
123,16,8,0.75,7,1,"7_1",1,10
140,16,8,1,7,1,"7_1",1,3
124,16,8,1,7,1,"7_1",1,3
116,16,8,1,7,1,"7_1",1,2
105,16,8,1,7,1,"7_1",1,2
109,16,8,0.25,7,1,"7_1",0,1
120,16,8,1,7,1,"7_1",1,29
138,16,8,1,7,1,"7_1",1,4
133,16,8,1,7,1,"7_1",1,4
129,16,8,1,7,1,"7_1",1,9
137,16,8,0.75,7,1,"7_1",1,9
104,16,8,1,7,1,"7_1",1,5
136,16,8,1,7,1,"7_1",1,4
106,16,8,1,7,1,"7_1",1,4
134,16,8,1,7,1,"7_1",1,14
111,16,8,1,7,1,"7_1",1,9
107,16,8,0,7,1,"7_1",0,0
114,16,8,1,7,1,"7_1",1,3
128,16,8,0.75,7,1,"7_1",1,10
101,16,8,1,7,1,"7_1",1,6
117,16,8,0.5,7,1,"7_1",0,7
115,16,8,0.75,7,1,"7_1",1,9
113,16,8,0.5,7,1,"7_1",0,1
119,16,8,0,7,1,"7_1",0,0
125,16,8,1,7,1,"7_1",1,12
103,16,8,0.75,7,1,"7_1",1,10
131,16,8,0,7,1,"7_1",0,0
130,16,8,1,7,1,"7_1",1,3
126,16,8,1,7,1,"7_1",1,9
118,16,8,0.5,7,1,"7_1",0,1
139,16,9,1,7,1,"7_1",1,2
110,16,9,0,7,2,"7_2",0,0
127,16,9,0,7,1,"7_1",0,0
132,16,9,1,7,2,"7_2",1,3
108,16,9,1,7,1,"7_1",1,3
102,16,9,1,7,2,"7_2",1,7
135,16,9,1,7,1,"7_1",1,6
121,16,9,1,7,2,"7_2",1,3
112,16,9,1,7,1,"7_1",1,2
122,16,9,1,7,2,"7_2",1,1
123,16,9,1,7,1,"7_1",1,3
140,16,9,1,7,2,"7_2",1,6
124,16,9,1,7,1,"7_1",1,3
116,16,9,1,7,2,"7_2",1,4
105,16,9,1,7,1,"7_1",1,3
109,16,9,1,7,2,"7_2",1,3
120,16,9,1,7,1,"7_1",1,5
138,16,9,1,7,2,"7_2",1,2
133,16,9,1,7,1,"7_1",1,4
129,16,9,1,7,2,"7_2",1,1
137,16,9,1,7,1,"7_1",1,7
104,16,9,1,7,2,"7_2",1,3
136,16,9,1,7,1,"7_1",1,1
106,16,9,1,7,2,"7_2",1,1
134,16,9,1,7,1,"7_1",1,1
111,16,9,1,7,2,"7_2",1,3
107,16,9,1,7,1,"7_1",1,2
114,16,9,1,7,2,"7_2",1,1
128,16,9,1,7,1,"7_1",1,3
101,16,9,1,7,2,"7_2",1,1
117,16,9,1,7,1,"7_1",1,10
115,16,9,1,7,2,"7_2",1,8
113,16,9,1,7,1,"7_1",1,4
119,16,9,0,7,2,"7_2",0,1
125,16,9,1,7,1,"7_1",1,1
103,16,9,1,7,2,"7_2",1,10
131,16,9,0,7,1,"7_1",0,0
130,16,9,1,7,2,"7_2",1,1
126,16,9,1,7,1,"7_1",1,5
118,16,9,1,7,2,"7_2",1,4
139,17,4,1,7,2,"7_2",1,1
110,17,4,0,7,2,"7_2",0,3
127,17,4,0,7,2,"7_2",0,0
132,17,4,1,7,2,"7_2",1,2
108,17,4,1,7,2,"7_2",1,8
102,17,4,0,7,2,"7_2",0,0
135,17,4,1,7,2,"7_2",1,1
121,17,4,1,7,2,"7_2",1,3
112,17,4,1,7,2,"7_2",1,1
122,17,4,1,7,2,"7_2",1,1
123,17,4,1,7,2,"7_2",1,3
140,17,4,1,7,2,"7_2",1,6
124,17,4,1,7,2,"7_2",1,6
116,17,4,1,7,2,"7_2",1,3
105,17,4,1,7,2,"7_2",1,3
109,17,4,1,7,2,"7_2",1,1
120,17,4,0,7,2,"7_2",0,0
138,17,4,1,7,2,"7_2",1,2
133,17,4,1,7,2,"7_2",1,2
129,17,4,1,7,2,"7_2",1,1
137,17,4,1,7,2,"7_2",1,2
104,17,4,1,7,2,"7_2",1,2
136,17,4,1,7,2,"7_2",1,1
106,17,4,1,7,2,"7_2",1,1
134,17,4,1,7,2,"7_2",1,2
111,17,4,1,7,2,"7_2",1,2
107,17,4,0,7,2,"7_2",0,0
114,17,4,0,7,2,"7_2",0,0
128,17,4,0,7,2,"7_2",0,0
101,17,4,1,7,2,"7_2",1,2
117,17,4,1,7,2,"7_2",1,1
115,17,4,1,7,2,"7_2",1,1
113,17,4,1,7,2,"7_2",1,1
119,17,4,1,7,2,"7_2",1,1
125,17,4,0,7,2,"7_2",0,12
103,17,4,0,7,2,"7_2",0,0
131,17,4,0,7,2,"7_2",0,5
130,17,4,1,7,2,"7_2",1,2
126,17,4,0,7,2,"7_2",0,1
118,17,4,1,7,2,"7_2",1,2
139,17,6,0.333333343267441,7,1,"7_1",0,4
110,17,6,0.666666686534882,7,1,"7_1",1,3
127,17,6,0,7,1,"7_1",0,0
132,17,6,1,7,1,"7_1",1,7
108,17,6,1,7,1,"7_1",1,6
102,17,6,0.333333343267441,7,1,"7_1",0,2
135,17,6,0.666666686534882,7,1,"7_1",1,2
121,17,6,0.666666686534882,7,1,"7_1",1,15
112,17,6,1,7,1,"7_1",1,3
122,17,6,0.333333343267441,7,1,"7_1",0,7
123,17,6,0.666666686534882,7,1,"7_1",1,6
140,17,6,0.666666686534882,7,1,"7_1",1,1
124,17,6,1,7,1,"7_1",1,26
116,17,6,0.666666686534882,7,1,"7_1",1,4
105,17,6,0.333333343267441,7,1,"7_1",0,6
109,17,6,0.666666686534882,7,1,"7_1",1,2
120,17,6,0.333333343267441,7,1,"7_1",0,3
138,17,6,0.666666686534882,7,1,"7_1",1,2
133,17,6,0.666666686534882,7,1,"7_1",1,5
129,17,6,0.666666686534882,7,1,"7_1",1,1
137,17,6,0.666666686534882,7,1,"7_1",1,6
104,17,6,0.666666686534882,7,1,"7_1",1,12
136,17,6,0.333333343267441,7,1,"7_1",0,2
106,17,6,0.666666686534882,7,1,"7_1",1,8
134,17,6,1,7,1,"7_1",1,5
111,17,6,0.666666686534882,7,1,"7_1",1,21
107,17,6,0.666666686534882,7,1,"7_1",1,2
114,17,6,0,7,1,"7_1",0,0
128,17,6,0,7,1,"7_1",0,0
101,17,6,0.333333343267441,7,1,"7_1",0,2
117,17,6,0.666666686534882,7,1,"7_1",1,2
115,17,6,0.666666686534882,7,1,"7_1",1,3
113,17,6,0.333333343267441,7,1,"7_1",0,2
119,17,6,0.666666686534882,7,1,"7_1",1,3
125,17,6,0.666666686534882,7,1,"7_1",1,3
103,17,6,0,7,1,"7_1",0,0
131,17,6,0.333333343267441,7,1,"7_1",0,1
130,17,6,1,7,1,"7_1",1,6
126,17,6,0.333333343267441,7,1,"7_1",0,1
118,17,6,0.333333343267441,7,1,"7_1",0,1
139,17,7,1,5,2,"5_2",1,4
110,17,7,1,5,2,"5_2",1,2
127,17,7,0,5,2,"5_2",0,0
132,17,7,1,5,2,"5_2",1,1
108,17,7,0,5,2,"5_2",0,3
102,17,7,0,5,2,"5_2",0,0
135,17,7,0,5,2,"5_2",0,2
121,17,7,1,5,2,"5_2",1,1
112,17,7,1,5,2,"5_2",1,5
122,17,7,1,5,2,"5_2",1,2
123,17,7,1,5,2,"5_2",1,1
140,17,7,0,5,2,"5_2",0,0
124,17,7,1,5,2,"5_2",1,2
116,17,7,1,5,2,"5_2",1,1
105,17,7,0,5,2,"5_2",0,0
109,17,7,0,5,2,"5_2",0,0
120,17,7,1,5,2,"5_2",1,1
138,17,7,1,5,2,"5_2",1,1
133,17,7,0,5,2,"5_2",0,0
129,17,7,1,5,2,"5_2",1,1
137,17,7,0,5,2,"5_2",0,1
104,17,7,0,5,2,"5_2",0,3
136,17,7,1,5,2,"5_2",1,1
106,17,7,1,5,2,"5_2",1,3
134,17,7,1,5,2,"5_2",1,2
111,17,7,1,5,2,"5_2",1,2
107,17,7,0,5,2,"5_2",0,2
114,17,7,0,5,2,"5_2",0,0
128,17,7,0,5,2,"5_2",0,0
101,17,7,1,5,2,"5_2",1,6
117,17,7,0,5,2,"5_2",0,0
115,17,7,0,5,2,"5_2",0,6
113,17,7,0,5,2,"5_2",0,0
119,17,7,0,5,2,"5_2",0,1
125,17,7,0,5,2,"5_2",0,0
103,17,7,0,5,2,"5_2",0,0
131,17,7,0,5,2,"5_2",0,3
130,17,7,1,5,2,"5_2",1,1
126,17,7,0,5,2,"5_2",0,0
118,17,7,0,5,2,"5_2",0,0
139,17,8,1,5,2,"5_2",1,2
110,17,8,0,5,2,"5_2",0,2
127,17,8,0,5,2,"5_2",0,0
132,17,8,1,5,2,"5_2",1,1
108,17,8,0,5,2,"5_2",0,3
102,17,8,0,5,2,"5_2",0,0
135,17,8,0,5,2,"5_2",0,1
121,17,8,1,5,2,"5_2",1,2
112,17,8,1,5,2,"5_2",1,3
122,17,8,1,5,2,"5_2",1,2
123,17,8,1,5,2,"5_2",1,1
140,17,8,0,5,2,"5_2",0,0
124,17,8,1,5,2,"5_2",1,11
116,17,8,1,5,2,"5_2",1,1
105,17,8,1,5,2,"5_2",1,2
109,17,8,1,5,2,"5_2",1,3
120,17,8,0,5,2,"5_2",0,3
138,17,8,0,5,2,"5_2",0,2
133,17,8,0,5,2,"5_2",0,0
129,17,8,1,5,2,"5_2",1,2
137,17,8,1,5,2,"5_2",1,1
104,17,8,0,5,2,"5_2",0,0
136,17,8,1,5,2,"5_2",1,1
106,17,8,0,5,2,"5_2",0,6
134,17,8,1,5,2,"5_2",1,10
111,17,8,1,5,2,"5_2",1,2
107,17,8,0,5,2,"5_2",0,2
114,17,8,0,5,2,"5_2",0,0
128,17,8,0,5,2,"5_2",0,0
101,17,8,1,5,2,"5_2",1,2
117,17,8,0,5,2,"5_2",0,0
115,17,8,1,5,2,"5_2",1,3
113,17,8,0,5,2,"5_2",0,0
119,17,8,1,5,2,"5_2",1,1
125,17,8,0,5,2,"5_2",0,4
103,17,8,0,5,2,"5_2",0,0
131,17,8,0,5,2,"5_2",0,9
130,17,8,1,5,2,"5_2",1,1
126,17,8,0,5,2,"5_2",0,1
118,17,8,0,5,2,"5_2",0,0
139,18,5,1,7,1,"7_1",1,2
110,18,5,1,7,1,"7_1",1,2
127,18,5,0,7,1,"7_1",0,0
132,18,5,1,7,1,"7_1",1,4
108,18,5,1,7,1,"7_1",1,4
102,18,5,0,7,1,"7_1",0,0
135,18,5,1,7,1,"7_1",1,1
121,18,5,1,7,1,"7_1",1,8
112,18,5,1,7,1,"7_1",1,1
122,18,5,1,7,1,"7_1",1,1
123,18,5,0,7,1,"7_1",0,0
140,18,5,0.400000005960464,7,1,"7_1",0,2
124,18,5,1,7,1,"7_1",1,6
116,18,5,1,7,1,"7_1",1,8
105,18,5,1,7,1,"7_1",1,4
109,18,5,0,7,1,"7_1",0,0
120,18,5,1,7,1,"7_1",1,21
138,18,5,1,7,1,"7_1",1,2
133,18,5,0,7,1,"7_1",0,0
129,18,5,1,7,1,"7_1",1,1
137,18,5,1,7,1,"7_1",1,4
104,18,5,0,7,1,"7_1",0,0
136,18,5,0,7,1,"7_1",0,0
106,18,5,1,7,1,"7_1",1,4
134,18,5,1,7,1,"7_1",1,7
111,18,5,1,7,1,"7_1",1,1
107,18,5,0,7,1,"7_1",0,0
114,18,5,1,7,1,"7_1",1,1
128,18,5,0,7,1,"7_1",0,0
101,18,5,1,7,1,"7_1",1,3
117,18,5,1,7,1,"7_1",1,7
115,18,5,0,7,1,"7_1",0,0
113,18,5,1,7,1,"7_1",1,4
119,18,5,1,7,1,"7_1",1,2
125,18,5,1,7,1,"7_1",1,6
103,18,5,1,7,1,"7_1",1,10
131,18,5,0.800000011920929,7,1,"7_1",1,2
130,18,5,1,7,1,"7_1",1,3
126,18,5,0,7,1,"7_1",0,0
118,18,5,0.600000023841858,7,1,"7_1",1,5
139,18,9,0.5,7,1,"7_1",0,2
110,18,9,0.5,7,1,"7_1",0,2
127,18,9,0.5,7,1,"7_1",0,1
132,18,9,1,7,1,"7_1",1,2
108,18,9,1,7,1,"7_1",1,4
102,18,9,0,7,1,"7_1",0,0
135,18,9,1,7,1,"7_1",1,1
121,18,9,1,7,1,"7_1",1,3
112,18,9,1,7,1,"7_1",1,5
122,18,9,0.5,7,1,"7_1",0,2
123,18,9,0,7,1,"7_1",0,0
140,18,9,0.5,7,1,"7_1",0,1
124,18,9,1,7,1,"7_1",1,6
116,18,9,1,7,1,"7_1",1,3
105,18,9,0.5,7,1,"7_1",0,3
109,18,9,0,7,1,"7_1",0,0
120,18,9,1,7,1,"7_1",1,6
138,18,9,1,7,1,"7_1",1,1
133,18,9,0,7,1,"7_1",0,0
129,18,9,1,7,1,"7_1",1,2
137,18,9,0.5,7,1,"7_1",0,2
104,18,9,0,7,1,"7_1",0,0
136,18,9,0,7,1,"7_1",0,0
106,18,9,0.5,7,1,"7_1",0,7
134,18,9,0.5,7,1,"7_1",0,10
111,18,9,1,7,1,"7_1",1,2
107,18,9,0,7,1,"7_1",0,0
114,18,9,1,7,1,"7_1",1,4
128,18,9,0,7,1,"7_1",0,0
101,18,9,1,7,1,"7_1",1,16
117,18,9,0.5,7,1,"7_1",0,5
115,18,9,0,7,1,"7_1",0,0
113,18,9,1,7,1,"7_1",1,4
119,18,9,1,7,1,"7_1",1,1
125,18,9,0.5,7,1,"7_1",0,3
103,18,9,0,7,1,"7_1",0,2
131,18,9,1,7,1,"7_1",1,1
130,18,9,0.5,7,1,"7_1",0,2
126,18,9,0,7,1,"7_1",0,0
118,18,9,0,7,1,"7_1",0,1
139,20,7,1,9,2,"9_2",1,2
110,20,7,1,9,2,"9_2",1,1
127,20,7,1,9,2,"9_2",1,2
132,20,7,1,9,2,"9_2",1,2
108,20,7,1,9,2,"9_2",1,1
102,20,7,0.75,9,2,"9_2",1,4
135,20,7,1,9,2,"9_2",1,1
121,20,7,1,9,2,"9_2",1,2
112,20,7,1,9,2,"9_2",1,3
122,20,7,0,9,2,"9_2",0,0
123,20,7,1,9,2,"9_2",1,2
140,20,7,1,9,2,"9_2",1,2
124,20,7,1,9,2,"9_2",1,1
116,20,7,1,9,2,"9_2",1,2
105,20,7,1,9,2,"9_2",1,2
109,20,7,0,9,2,"9_2",0,0
120,20,7,1,9,2,"9_2",1,4
138,20,7,0,9,2,"9_2",0,0
133,20,7,1,9,2,"9_2",1,1
129,20,7,1,9,2,"9_2",1,1
137,20,7,1,9,2,"9_2",1,3
104,20,7,1,9,2,"9_2",1,1
136,20,7,1,9,2,"9_2",1,1
106,20,7,1,9,2,"9_2",1,3
134,20,7,1,9,2,"9_2",1,2
111,20,7,1,9,2,"9_2",1,1
107,20,7,1,9,2,"9_2",1,1
114,20,7,1,9,2,"9_2",1,1
128,20,7,1,9,2,"9_2",1,3
101,20,7,1,9,2,"9_2",1,1
117,20,7,1,9,2,"9_2",1,4
115,20,7,1,9,2,"9_2",1,2
113,20,7,1,9,2,"9_2",1,3
119,20,7,1,9,2,"9_2",1,1
125,20,7,1,9,2,"9_2",1,3
103,20,7,1,9,2,"9_2",1,2
131,20,7,0.75,9,2,"9_2",1,2
130,20,7,1,9,2,"9_2",1,1
126,20,7,1,9,2,"9_2",1,3
118,20,7,1,9,2,"9_2",1,2
139,20,8,1,9,2,"9_2",1,2
110,20,8,1,9,2,"9_2",1,1
127,20,8,1,9,2,"9_2",1,2
132,20,8,1,9,2,"9_2",1,1
108,20,8,1,9,2,"9_2",1,1
102,20,8,0,9,2,"9_2",0,2
135,20,8,1,9,2,"9_2",1,1
121,20,8,1,9,2,"9_2",1,4
112,20,8,1,9,2,"9_2",1,2
122,20,8,0,9,2,"9_2",0,0
123,20,8,1,9,2,"9_2",1,3
140,20,8,1,9,2,"9_2",1,2
124,20,8,1,9,2,"9_2",1,5
116,20,8,1,9,2,"9_2",1,1
105,20,8,0,9,2,"9_2",0,22
109,20,8,0,9,2,"9_2",0,0
120,20,8,1,9,2,"9_2",1,1
138,20,8,0,9,2,"9_2",0,0
133,20,8,1,9,2,"9_2",1,3
129,20,8,1,9,2,"9_2",1,1
137,20,8,1,9,2,"9_2",1,2
104,20,8,1,9,2,"9_2",1,4
136,20,8,1,9,2,"9_2",1,1
106,20,8,1,9,2,"9_2",1,3
134,20,8,1,9,2,"9_2",1,6
111,20,8,1,9,2,"9_2",1,3
107,20,8,1,9,2,"9_2",1,2
114,20,8,1,9,2,"9_2",1,1
128,20,8,1,9,2,"9_2",1,1
101,20,8,1,9,2,"9_2",1,1
117,20,8,1,9,2,"9_2",1,2
115,20,8,1,9,2,"9_2",1,1
113,20,8,1,9,2,"9_2",1,1
119,20,8,1,9,2,"9_2",1,1
125,20,8,1,9,2,"9_2",1,2
103,20,8,1,9,2,"9_2",1,3
131,20,8,1,9,2,"9_2",1,1
130,20,8,1,9,2,"9_2",1,1
126,20,8,1,9,2,"9_2",1,1
118,20,8,1,9,2,"9_2",1,2
139,20,9,1,9,1,"9_1",1,1
110,20,9,1,9,1,"9_1",1,1
127,20,9,0,9,1,"9_1",0,0
132,20,9,1,9,1,"9_1",1,1
108,20,9,1,9,1,"9_1",1,1
102,20,9,0,9,1,"9_1",0,0
135,20,9,0,9,1,"9_1",0,1
121,20,9,1,9,1,"9_1",1,1
112,20,9,1,9,1,"9_1",1,1
122,20,9,0,9,1,"9_1",0,0
123,20,9,0,9,1,"9_1",0,0
140,20,9,1,9,1,"9_1",1,3
124,20,9,1,9,1,"9_1",1,1
116,20,9,1,9,1,"9_1",1,1
105,20,9,1,9,1,"9_1",1,1
109,20,9,1,9,1,"9_1",1,1
120,20,9,1,9,1,"9_1",1,3
138,20,9,0,9,1,"9_1",0,0
133,20,9,1,9,1,"9_1",1,1
129,20,9,1,9,1,"9_1",1,1
137,20,9,1,9,1,"9_1",1,2
104,20,9,1,9,1,"9_1",1,1
136,20,9,1,9,1,"9_1",1,1
106,20,9,1,9,1,"9_1",1,1
134,20,9,1,9,1,"9_1",1,1
111,20,9,1,9,1,"9_1",1,1
107,20,9,1,9,1,"9_1",1,1
114,20,9,1,9,1,"9_1",1,1
128,20,9,1,9,1,"9_1",1,1
101,20,9,1,9,1,"9_1",1,1
117,20,9,1,9,1,"9_1",1,8
115,20,9,1,9,1,"9_1",1,1
113,20,9,1,9,1,"9_1",1,1
119,20,9,1,9,1,"9_1",1,1
125,20,9,1,9,1,"9_1",1,3
103,20,9,1,9,1,"9_1",1,1
131,20,9,0,9,1,"9_1",0,0
130,20,9,1,9,1,"9_1",1,1
126,20,9,1,9,1,"9_1",1,1
118,20,9,1,9,1,"9_1",1,1
139,20,10,1,9,1,"9_1",1,9
110,20,10,0,9,1,"9_1",0,4
127,20,10,0,9,1,"9_1",0,0
132,20,10,1,9,1,"9_1",1,1
108,20,10,0,9,1,"9_1",0,4
102,20,10,0,9,1,"9_1",0,0
135,20,10,0,9,1,"9_1",0,1
121,20,10,1,9,1,"9_1",1,5
112,20,10,1,9,1,"9_1",1,2
122,20,10,0,9,1,"9_1",0,0
123,20,10,0,9,1,"9_1",0,1
140,20,10,1,9,1,"9_1",1,1
124,20,10,1,9,1,"9_1",1,1
116,20,10,0,9,1,"9_1",0,1
105,20,10,0,9,1,"9_1",0,16
109,20,10,0,9,1,"9_1",0,1
120,20,10,1,9,1,"9_1",1,1
138,20,10,0,9,1,"9_1",0,0
133,20,10,0,9,1,"9_1",0,0
129,20,10,1,9,1,"9_1",1,2
137,20,10,1,9,1,"9_1",1,1
104,20,10,1,9,1,"9_1",1,2
136,20,10,1,9,1,"9_1",1,2
106,20,10,0,9,1,"9_1",0,5
134,20,10,1,9,1,"9_1",1,1
111,20,10,1,9,1,"9_1",1,1
107,20,10,1,9,1,"9_1",1,1
114,20,10,1,9,1,"9_1",1,1
128,20,10,0,9,1,"9_1",0,1
101,20,10,1,9,1,"9_1",1,2
117,20,10,1,9,1,"9_1",1,2
115,20,10,1,9,1,"9_1",1,8
113,20,10,1,9,1,"9_1",1,2
119,20,10,0,9,1,"9_1",0,1
125,20,10,1,9,1,"9_1",1,2
103,20,10,1,9,1,"9_1",1,1
131,20,10,0,9,1,"9_1",0,0
130,20,10,1,9,1,"9_1",1,2
126,20,10,1,9,1,"9_1",1,1
118,20,10,1,9,1,"9_1",1,2
139,20,11,1,9,1,"9_1",1,1
110,20,11,1,9,1,"9_1",1,1
127,20,11,0,9,1,"9_1",0,0
132,20,11,1,9,1,"9_1",1,1
108,20,11,0,9,1,"9_1",0,1
102,20,11,0,9,1,"9_1",0,0
135,20,11,0,9,1,"9_1",0,1
121,20,11,1,9,1,"9_1",1,1
112,20,11,1,9,1,"9_1",1,2
122,20,11,0,9,1,"9_1",0,0
123,20,11,0,9,1,"9_1",0,0
140,20,11,1,9,1,"9_1",1,1
124,20,11,1,9,1,"9_1",1,1
116,20,11,1,9,1,"9_1",1,1
105,20,11,1,9,1,"9_1",1,1
109,20,11,0,9,1,"9_1",0,0
120,20,11,1,9,1,"9_1",1,13
138,20,11,0,9,1,"9_1",0,0
133,20,11,1,9,1,"9_1",1,1
129,20,11,1,9,1,"9_1",1,2
137,20,11,1,9,1,"9_1",1,2
104,20,11,1,9,1,"9_1",1,1
136,20,11,1,9,1,"9_1",1,1
106,20,11,1,9,1,"9_1",1,1
134,20,11,1,9,1,"9_1",1,1
111,20,11,1,9,1,"9_1",1,1
107,20,11,1,9,1,"9_1",1,1
114,20,11,1,9,1,"9_1",1,1
128,20,11,1,9,1,"9_1",1,1
101,20,11,1,9,1,"9_1",1,1
117,20,11,1,9,1,"9_1",1,2
115,20,11,1,9,1,"9_1",1,2
113,20,11,1,9,1,"9_1",1,1
119,20,11,1,9,1,"9_1",1,1
125,20,11,1,9,1,"9_1",1,1
103,20,11,1,9,1,"9_1",1,1
131,20,11,0,9,1,"9_1",0,0
130,20,11,1,9,1,"9_1",1,1
126,20,11,1,9,1,"9_1",1,1
118,20,11,1,9,1,"9_1",1,1
139,22,8,0,10,2,"10_2",0,0
110,22,8,1,10,2,"10_2",1,2
127,22,8,0,10,2,"10_2",0,0
132,22,8,1,10,2,"10_2",1,2
108,22,8,1,10,2,"10_2",1,2
102,22,8,0,10,2,"10_2",0,4
135,22,8,0,10,2,"10_2",0,1
121,22,8,1,10,2,"10_2",1,1
112,22,8,1,10,2,"10_2",1,8
122,22,8,1,10,2,"10_2",1,1
123,22,8,0,10,2,"10_2",0,4
140,22,8,0,10,2,"10_2",0,2
124,22,8,1,10,2,"10_2",1,2
116,22,8,0,10,2,"10_2",0,0
105,22,8,0,10,2,"10_2",0,6
109,22,8,0,10,2,"10_2",0,0
120,22,8,1,10,2,"10_2",1,1
138,22,8,0,10,2,"10_2",0,0
133,22,8,0,10,2,"10_2",0,0
129,22,8,1,10,2,"10_2",1,7
137,22,8,1,10,2,"10_2",1,2
104,22,8,1,10,2,"10_2",1,3
136,22,8,1,10,2,"10_2",1,3
106,22,8,1,10,2,"10_2",1,1
134,22,8,1,10,2,"10_2",1,1
111,22,8,1,10,2,"10_2",1,3
107,22,8,0,10,2,"10_2",0,0
114,22,8,1,10,2,"10_2",1,1
128,22,8,0,10,2,"10_2",0,0
101,22,8,1,10,2,"10_2",1,1
117,22,8,1,10,2,"10_2",1,4
115,22,8,0,10,2,"10_2",0,3
113,22,8,0,10,2,"10_2",0,1
119,22,8,1,10,2,"10_2",1,1
125,22,8,1,10,2,"10_2",1,3
103,22,8,0,10,2,"10_2",0,1
131,22,8,0,10,2,"10_2",0,3
130,22,8,1,10,2,"10_2",1,1
126,22,8,0,10,2,"10_2",0,5
118,22,8,1,10,2,"10_2",1,1
139,22,9,1,10,2,"10_2",1,2
110,22,9,1,10,2,"10_2",1,1
127,22,9,0,10,2,"10_2",0,0
132,22,9,1,10,2,"10_2",1,1
108,22,9,1,10,2,"10_2",1,1
102,22,9,1,10,2,"10_2",1,1
135,22,9,1,10,2,"10_2",1,1
121,22,9,1,10,2,"10_2",1,1
112,22,9,1,10,2,"10_2",1,1
122,22,9,1,10,2,"10_2",1,1
123,22,9,1,10,2,"10_2",1,1
140,22,9,1,10,2,"10_2",1,5
124,22,9,1,10,2,"10_2",1,3
116,22,9,1,10,2,"10_2",1,2
105,22,9,1,10,2,"10_2",1,1
109,22,9,0,10,2,"10_2",0,0
120,22,9,1,10,2,"10_2",1,4
138,22,9,0,10,2,"10_2",0,0
133,22,9,1,10,2,"10_2",1,1
129,22,9,1,10,2,"10_2",1,1
137,22,9,1,10,2,"10_2",1,2
104,22,9,1,10,2,"10_2",1,1
136,22,9,1,10,2,"10_2",1,1
106,22,9,1,10,2,"10_2",1,1
134,22,9,1,10,2,"10_2",1,1
111,22,9,1,10,2,"10_2",1,1
107,22,9,0,10,2,"10_2",0,0
114,22,9,1,10,2,"10_2",1,2
128,22,9,1,10,2,"10_2",1,1
101,22,9,1,10,2,"10_2",1,1
117,22,9,1,10,2,"10_2",1,3
115,22,9,1,10,2,"10_2",1,1
113,22,9,1,10,2,"10_2",1,1
119,22,9,1,10,2,"10_2",1,2
125,22,9,1,10,2,"10_2",1,1
103,22,9,1,10,2,"10_2",1,3
131,22,9,1,10,2,"10_2",1,1
130,22,9,1,10,2,"10_2",1,1
126,22,9,1,10,2,"10_2",1,1
118,22,9,1,10,2,"10_2",1,1
139,22,10,1,10,2,"10_2",1,1
110,22,10,1,10,2,"10_2",1,2
127,22,10,0,10,2,"10_2",0,0
132,22,10,1,10,2,"10_2",1,1
108,22,10,1,10,2,"10_2",1,1
102,22,10,1,10,2,"10_2",1,3
135,22,10,1,10,2,"10_2",1,2
121,22,10,1,10,2,"10_2",1,2
112,22,10,1,10,2,"10_2",1,1
122,22,10,1,10,2,"10_2",1,1
123,22,10,1,10,2,"10_2",1,2
140,22,10,1,10,2,"10_2",1,1
124,22,10,1,10,2,"10_2",1,1
116,22,10,1,10,2,"10_2",1,1
105,22,10,1,10,2,"10_2",1,1
109,22,10,0,10,2,"10_2",0,0
120,22,10,1,10,2,"10_2",1,2
138,22,10,0,10,2,"10_2",0,0
133,22,10,1,10,2,"10_2",1,1
129,22,10,1,10,2,"10_2",1,1
137,22,10,1,10,2,"10_2",1,1
104,22,10,1,10,2,"10_2",1,3
136,22,10,1,10,2,"10_2",1,1
106,22,10,1,10,2,"10_2",1,1
134,22,10,1,10,2,"10_2",1,1
111,22,10,1,10,2,"10_2",1,1
107,22,10,0,10,2,"10_2",0,0
114,22,10,1,10,2,"10_2",1,1
128,22,10,1,10,2,"10_2",1,1
101,22,10,1,10,2,"10_2",1,1
117,22,10,1,10,2,"10_2",1,2
115,22,10,1,10,2,"10_2",1,2
113,22,10,1,10,2,"10_2",1,1
119,22,10,1,10,2,"10_2",1,1
125,22,10,1,10,2,"10_2",1,1
103,22,10,1,10,2,"10_2",1,2
131,22,10,1,10,2,"10_2",1,1
130,22,10,1,10,2,"10_2",1,1
126,22,10,1,10,2,"10_2",1,5
118,22,10,1,10,2,"10_2",1,1
139,22,11,1,10,2,"10_2",1,1
110,22,11,1,10,2,"10_2",1,3
127,22,11,0,10,2,"10_2",0,0
132,22,11,1,10,2,"10_2",1,1
108,22,11,1,10,2,"10_2",1,1
102,22,11,1,10,2,"10_2",1,1
135,22,11,1,10,2,"10_2",1,1
121,22,11,1,10,2,"10_2",1,1
112,22,11,1,10,2,"10_2",1,1
122,22,11,1,10,2,"10_2",1,1
123,22,11,1,10,2,"10_2",1,1
140,22,11,1,10,2,"10_2",1,2
124,22,11,1,10,2,"10_2",1,4
116,22,11,1,10,2,"10_2",1,1
105,22,11,1,10,2,"10_2",1,1
109,22,11,0,10,2,"10_2",0,0
120,22,11,1,10,2,"10_2",1,3
138,22,11,0,10,2,"10_2",0,0
133,22,11,1,10,2,"10_2",1,1
129,22,11,1,10,2,"10_2",1,1
137,22,11,1,10,2,"10_2",1,1
104,22,11,1,10,2,"10_2",1,1
136,22,11,1,10,2,"10_2",1,1
106,22,11,1,10,2,"10_2",1,1
134,22,11,1,10,2,"10_2",1,1
111,22,11,1,10,2,"10_2",1,1
107,22,11,0,10,2,"10_2",0,0
114,22,11,1,10,2,"10_2",1,1
128,22,11,1,10,2,"10_2",1,1
101,22,11,1,10,2,"10_2",1,1
117,22,11,1,10,2,"10_2",1,1
115,22,11,1,10,2,"10_2",1,1
113,22,11,1,10,2,"10_2",1,1
119,22,11,1,10,2,"10_2",1,1
125,22,11,1,10,2,"10_2",1,1
103,22,11,1,10,2,"10_2",1,1
131,22,11,1,10,2,"10_2",1,1
130,22,11,1,10,2,"10_2",1,1
126,22,11,1,10,2,"10_2",1,1
118,22,11,1,10,2,"10_2",1,1
139,23,1,0,10,2,"10_2",0,0
110,23,1,0,10,2,"10_2",0,13
127,23,1,1,10,2,"10_2",1,1
132,23,1,1,10,2,"10_2",1,7
108,23,1,0,10,2,"10_2",0,4
102,23,1,0,10,2,"10_2",0,6
135,23,1,1,10,2,"10_2",1,6
121,23,1,1,10,2,"10_2",1,16
112,23,1,1,10,2,"10_2",1,1
122,23,1,0,10,2,"10_2",0,0
123,23,1,0,10,2,"10_2",0,0
140,23,1,0,10,2,"10_2",0,7
124,23,1,1,10,2,"10_2",1,5
116,23,1,1,10,2,"10_2",1,5
105,23,1,0,10,2,"10_2",0,18
109,23,1,0,10,2,"10_2",0,0
120,23,1,0,10,2,"10_2",0,4
138,23,1,0,10,2,"10_2",0,0
133,23,1,0,10,2,"10_2",0,9
129,23,1,1,10,2,"10_2",1,4
137,23,1,0,10,2,"10_2",0,2
104,23,1,1,10,2,"10_2",1,3
136,23,1,1,10,2,"10_2",1,1
106,23,1,1,10,2,"10_2",1,5
134,23,1,1,10,2,"10_2",1,12
111,23,1,1,10,2,"10_2",1,14
107,23,1,0,10,2,"10_2",0,9
114,23,1,1,10,2,"10_2",1,1
128,23,1,0,10,2,"10_2",0,4
101,23,1,1,10,2,"10_2",1,3
117,23,1,0,10,2,"10_2",0,9
115,23,1,1,10,2,"10_2",1,3
113,23,1,1,10,2,"10_2",1,1
119,23,1,1,10,2,"10_2",1,2
125,23,1,1,10,2,"10_2",1,8
103,23,1,0,10,2,"10_2",0,7
131,23,1,0,10,2,"10_2",0,8
130,23,1,0,10,2,"10_2",0,0
126,23,1,0,10,2,"10_2",0,0
118,23,1,0,10,2,"10_2",0,7
139,23,4,0.75,10,2,"10_2",1,8
110,23,4,0.75,10,2,"10_2",1,4
127,23,4,1,10,2,"10_2",1,1
132,23,4,1,10,2,"10_2",1,4
108,23,4,0.75,10,2,"10_2",1,3
102,23,4,0.75,10,2,"10_2",1,8
135,23,4,1,10,2,"10_2",1,2
121,23,4,1,10,2,"10_2",1,8
112,23,4,1,10,2,"10_2",1,3
122,23,4,0.75,10,2,"10_2",1,3
123,23,4,0,10,2,"10_2",0,0
140,23,4,0.75,10,2,"10_2",1,3
124,23,4,1,10,2,"10_2",1,3
116,23,4,1,10,2,"10_2",1,6
105,23,4,1,10,2,"10_2",1,3
109,23,4,0,10,2,"10_2",0,0
120,23,4,0.75,10,2,"10_2",1,6
138,23,4,0,10,2,"10_2",0,0
133,23,4,0.75,10,2,"10_2",1,4
129,23,4,1,10,2,"10_2",1,1
137,23,4,1,10,2,"10_2",1,2
104,23,4,1,10,2,"10_2",1,3
136,23,4,1,10,2,"10_2",1,3
106,23,4,1,10,2,"10_2",1,4
134,23,4,1,10,2,"10_2",1,3
111,23,4,1,10,2,"10_2",1,1
107,23,4,1,10,2,"10_2",1,4
114,23,4,1,10,2,"10_2",1,9
128,23,4,1,10,2,"10_2",1,2
101,23,4,1,10,2,"10_2",1,3
117,23,4,1,10,2,"10_2",1,9
115,23,4,1,10,2,"10_2",1,11
113,23,4,1,10,2,"10_2",1,3
119,23,4,1,10,2,"10_2",1,2
125,23,4,1,10,2,"10_2",1,7
103,23,4,0.75,10,2,"10_2",1,11
131,23,4,0.75,10,2,"10_2",1,3
130,23,4,0,10,2,"10_2",0,0
126,23,4,0,10,2,"10_2",0,0
118,23,4,0.75,10,2,"10_2",1,8
139,23,6,0.875,10,2,"10_2",1,3
110,23,6,0.875,10,2,"10_2",1,11
127,23,6,0.875,10,2,"10_2",1,1
132,23,6,1,10,2,"10_2",1,2
108,23,6,0.75,10,2,"10_2",1,5
102,23,6,0,10,2,"10_2",0,0
135,23,6,1,10,2,"10_2",1,2
121,23,6,1,10,2,"10_2",1,10
112,23,6,1,10,2,"10_2",1,6
122,23,6,0,10,2,"10_2",0,0
123,23,6,0,10,2,"10_2",0,0
140,23,6,0.875,10,2,"10_2",1,5
124,23,6,1,10,2,"10_2",1,1
116,23,6,1,10,2,"10_2",1,6
105,23,6,1,10,2,"10_2",1,4
109,23,6,0,10,2,"10_2",0,0
120,23,6,0.75,10,2,"10_2",1,8
138,23,6,0,10,2,"10_2",0,0
133,23,6,0,10,2,"10_2",0,0
129,23,6,1,10,2,"10_2",1,2
137,23,6,1,10,2,"10_2",1,4
104,23,6,1,10,2,"10_2",1,5
136,23,6,1,10,2,"10_2",1,2
106,23,6,1,10,2,"10_2",1,9
134,23,6,1,10,2,"10_2",1,4
111,23,6,1,10,2,"10_2",1,2
107,23,6,1,10,2,"10_2",1,6
114,23,6,1,10,2,"10_2",1,9
128,23,6,0.75,10,2,"10_2",1,11
101,23,6,1,10,2,"10_2",1,3
117,23,6,1,10,2,"10_2",1,4
115,23,6,1,10,2,"10_2",1,15
113,23,6,1,10,2,"10_2",1,4
119,23,6,0.75,10,2,"10_2",1,4
125,23,6,1,10,2,"10_2",1,5
103,23,6,0.75,10,2,"10_2",1,14
131,23,6,0.5,10,2,"10_2",0,2
130,23,6,0,10,2,"10_2",0,0
126,23,6,0,10,2,"10_2",0,0
118,23,6,0,10,2,"10_2",0,3
139,24,1,1,10,1,"10_1",1,2
110,24,1,1,10,1,"10_1",1,3
127,24,1,1,10,1,"10_1",1,2
132,24,1,1,10,1,"10_1",1,2
108,24,1,1,10,1,"10_1",1,10
102,24,1,0,10,1,"10_1",0,0
135,24,1,1,10,1,"10_1",1,1
121,24,1,1,10,1,"10_1",1,3
112,24,1,1,10,1,"10_1",1,1
122,24,1,0,10,1,"10_1",0,0
123,24,1,0,10,1,"10_1",0,3
140,24,1,1,10,1,"10_1",1,4
124,24,1,1,10,1,"10_1",1,1
116,24,1,1,10,1,"10_1",1,1
105,24,1,1,10,1,"10_1",1,2
109,24,1,1,10,1,"10_1",1,2
120,24,1,1,10,1,"10_1",1,1
138,24,1,1,10,1,"10_1",1,1
133,24,1,0,10,1,"10_1",0,0
129,24,1,1,10,1,"10_1",1,1
137,24,1,1,10,1,"10_1",1,2
104,24,1,1,10,1,"10_1",1,2
136,24,1,1,10,1,"10_1",1,1
106,24,1,0,10,1,"10_1",0,8
134,24,1,1,10,1,"10_1",1,7
111,24,1,1,10,1,"10_1",1,1
107,24,1,0,10,1,"10_1",0,0
114,24,1,1,10,1,"10_1",1,1
128,24,1,1,10,1,"10_1",1,4
101,24,1,1,10,1,"10_1",1,1
117,24,1,0,10,1,"10_1",0,17
115,24,1,1,10,1,"10_1",1,11
113,24,1,1,10,1,"10_1",1,1
119,24,1,1,10,1,"10_1",1,1
125,24,1,1,10,1,"10_1",1,6
103,24,1,1,10,1,"10_1",1,12
131,24,1,0,10,1,"10_1",0,9
130,24,1,1,10,1,"10_1",1,1
126,24,1,0,10,1,"10_1",0,13
118,24,1,1,10,1,"10_1",1,6
139,24,2,1,10,1,"10_1",1,1
110,24,2,0,10,1,"10_1",0,11
127,24,2,0,10,1,"10_1",0,1
132,24,2,1,10,1,"10_1",1,5
108,24,2,1,10,1,"10_1",1,1
102,24,2,0,10,1,"10_1",0,0
135,24,2,1,10,1,"10_1",1,1
121,24,2,1,10,1,"10_1",1,9
112,24,2,1,10,1,"10_1",1,10
122,24,2,0,10,1,"10_1",0,0
123,24,2,1,10,1,"10_1",1,1
140,24,2,0,10,1,"10_1",0,7
124,24,2,1,10,1,"10_1",1,7
116,24,2,0,10,1,"10_1",0,12
105,24,2,0,10,1,"10_1",0,19
109,24,2,0,10,1,"10_1",0,4
120,24,2,0,10,1,"10_1",0,18
138,24,2,0,10,1,"10_1",0,10
133,24,2,1,10,1,"10_1",1,3
129,24,2,1,10,1,"10_1",1,1
137,24,2,0,10,1,"10_1",0,8
104,24,2,0,10,1,"10_1",0,5
136,24,2,1,10,1,"10_1",1,3
106,24,2,0,10,1,"10_1",0,0
134,24,2,0,10,1,"10_1",0,45
111,24,2,1,10,1,"10_1",1,12
107,24,2,0,10,1,"10_1",0,1
114,24,2,0,10,1,"10_1",0,2
128,24,2,1,10,1,"10_1",1,13
101,24,2,0,10,1,"10_1",0,44
117,24,2,0,10,1,"10_1",0,0
115,24,2,0,10,1,"10_1",0,20
113,24,2,1,10,1,"10_1",1,6
119,24,2,1,10,1,"10_1",1,3
125,24,2,0,10,1,"10_1",0,37
103,24,2,0,10,1,"10_1",0,20
131,24,2,0,10,1,"10_1",0,0
130,24,2,1,10,1,"10_1",1,1
126,24,2,0,10,1,"10_1",0,4
118,24,2,0,10,1,"10_1",0,5
139,24,3,1,10,1,"10_1",1,2
110,24,3,1,10,1,"10_1",1,2
127,24,3,1,10,1,"10_1",1,3
132,24,3,1,10,1,"10_1",1,2
108,24,3,1,10,1,"10_1",1,1
102,24,3,0,10,1,"10_1",0,0
135,24,3,1,10,1,"10_1",1,1
121,24,3,1,10,1,"10_1",1,1
112,24,3,1,10,1,"10_1",1,5
122,24,3,0,10,1,"10_1",0,0
123,24,3,1,10,1,"10_1",1,1
140,24,3,1,10,1,"10_1",1,1
124,24,3,1,10,1,"10_1",1,3
116,24,3,1,10,1,"10_1",1,11
105,24,3,1,10,1,"10_1",1,3
109,24,3,1,10,1,"10_1",1,1
120,24,3,1,10,1,"10_1",1,5
138,24,3,1,10,1,"10_1",1,2
133,24,3,1,10,1,"10_1",1,3
129,24,3,1,10,1,"10_1",1,5
137,24,3,1,10,1,"10_1",1,3
104,24,3,1,10,1,"10_1",1,3
136,24,3,1,10,1,"10_1",1,2
106,24,3,1,10,1,"10_1",1,2
134,24,3,1,10,1,"10_1",1,3
111,24,3,1,10,1,"10_1",1,2
107,24,3,0.333333343267441,10,1,"10_1",0,2
114,24,3,1,10,1,"10_1",1,2
128,24,3,1,10,1,"10_1",1,4
101,24,3,1,10,1,"10_1",1,2
117,24,3,0.333333343267441,10,1,"10_1",0,5
115,24,3,1,10,1,"10_1",1,1
113,24,3,1,10,1,"10_1",1,2
119,24,3,1,10,1,"10_1",1,3
125,24,3,1,10,1,"10_1",1,1
103,24,3,1,10,1,"10_1",1,7
131,24,3,0.333333343267441,10,1,"10_1",0,3
130,24,3,1,10,1,"10_1",1,1
126,24,3,1,10,1,"10_1",1,11
118,24,3,1,10,1,"10_1",1,3
139,25,2,1,10,1,"10_1",1,4
110,25,2,1,10,1,"10_1",1,4
127,25,2,1,10,1,"10_1",1,2
132,25,2,1,10,1,"10_1",1,9
108,25,2,0.800000011920929,10,1,"10_1",1,11
102,25,2,0,10,1,"10_1",0,0
135,25,2,1,10,1,"10_1",1,1
121,25,2,1,10,1,"10_1",1,3
112,25,2,1,10,1,"10_1",1,3
122,25,2,0,10,1,"10_1",0,0
123,25,2,1,10,1,"10_1",1,4
140,25,2,1,10,1,"10_1",1,3
124,25,2,1,10,1,"10_1",1,2
116,25,2,0.800000011920929,10,1,"10_1",1,3
105,25,2,1,10,1,"10_1",1,2
109,25,2,1,10,1,"10_1",1,1
120,25,2,1,10,1,"10_1",1,7
138,25,2,0,10,1,"10_1",0,0
133,25,2,1,10,1,"10_1",1,2
129,25,2,1,10,1,"10_1",1,3
137,25,2,1,10,1,"10_1",1,3
104,25,2,1,10,1,"10_1",1,1
136,25,2,1,10,1,"10_1",1,2
106,25,2,0.800000011920929,10,1,"10_1",1,4
134,25,2,1,10,1,"10_1",1,2
111,25,2,1,10,1,"10_1",1,5
107,25,2,1,10,1,"10_1",1,7
114,25,2,0,10,1,"10_1",0,0
128,25,2,1,10,1,"10_1",1,3
101,25,2,1,10,1,"10_1",1,2
117,25,2,1,10,1,"10_1",1,2
115,25,2,1,10,1,"10_1",1,2
113,25,2,1,10,1,"10_1",1,3
119,25,2,1,10,1,"10_1",1,3
125,25,2,1,10,1,"10_1",1,5
103,25,2,1,10,1,"10_1",1,11
131,25,2,0.800000011920929,10,1,"10_1",1,2
130,25,2,1,10,1,"10_1",1,2
126,25,2,0,10,1,"10_1",0,0
118,25,2,1,10,1,"10_1",1,1
139,25,4,1,10,2,"10_2",1,4
110,25,4,1,10,2,"10_2",1,6
127,25,4,1,10,2,"10_2",1,1
132,25,4,1,10,2,"10_2",1,3
108,25,4,0.833333313465118,10,2,"10_2",1,3
102,25,4,0,10,2,"10_2",0,0
135,25,4,1,10,2,"10_2",1,1
121,25,4,1,10,2,"10_2",1,8
112,25,4,1,10,2,"10_2",1,2
122,25,4,0,10,2,"10_2",0,0
123,25,4,1,10,2,"10_2",1,4
140,25,4,1,10,2,"10_2",1,2
124,25,4,1,10,2,"10_2",1,2
116,25,4,0.833333313465118,10,2,"10_2",1,2
105,25,4,1,10,2,"10_2",1,2
109,25,4,1,10,2,"10_2",1,3
120,25,4,1,10,2,"10_2",1,8
138,25,4,0,10,2,"10_2",0,0
133,25,4,1,10,2,"10_2",1,5
129,25,4,1,10,2,"10_2",1,1
137,25,4,1,10,2,"10_2",1,3
104,25,4,1,10,2,"10_2",1,6
136,25,4,1,10,2,"10_2",1,1
106,25,4,0.833333313465118,10,2,"10_2",1,2
134,25,4,1,10,2,"10_2",1,4
111,25,4,1,10,2,"10_2",1,3
107,25,4,1,10,2,"10_2",1,4
114,25,4,0,10,2,"10_2",0,0
128,25,4,1,10,2,"10_2",1,2
101,25,4,1,10,2,"10_2",1,3
117,25,4,1,10,2,"10_2",1,2
115,25,4,1,10,2,"10_2",1,1
113,25,4,1,10,2,"10_2",1,3
119,25,4,1,10,2,"10_2",1,1
125,25,4,1,10,2,"10_2",1,4
103,25,4,1,10,2,"10_2",1,6
131,25,4,0.833333313465118,10,2,"10_2",1,2
130,25,4,1,10,2,"10_2",1,2
126,25,4,0,10,2,"10_2",0,0
118,25,4,1,10,2,"10_2",1,3
139,26,2,1,11,1,"11_1",1,1
110,26,2,1,11,1,"11_1",1,4
127,26,2,1,11,1,"11_1",1,2
132,26,2,1,11,1,"11_1",1,1
108,26,2,1,11,1,"11_1",1,3
102,26,2,0,11,1,"11_1",0,0
135,26,2,1,11,1,"11_1",1,1
121,26,2,1,11,1,"11_1",1,1
112,26,2,1,11,1,"11_1",1,1
122,26,2,1,11,1,"11_1",1,1
123,26,2,1,11,1,"11_1",1,1
140,26,2,1,11,1,"11_1",1,2
124,26,2,1,11,1,"11_1",1,2
116,26,2,1,11,1,"11_1",1,1
105,26,2,1,11,1,"11_1",1,1
109,26,2,1,11,1,"11_1",1,1
120,26,2,1,11,1,"11_1",1,3
138,26,2,1,11,1,"11_1",1,1
133,26,2,1,11,1,"11_1",1,1
129,26,2,1,11,1,"11_1",1,2
137,26,2,1,11,1,"11_1",1,2
104,26,2,1,11,1,"11_1",1,4
136,26,2,1,11,1,"11_1",1,1
106,26,2,1,11,1,"11_1",1,1
134,26,2,1,11,1,"11_1",1,5
111,26,2,1,11,1,"11_1",1,2
107,26,2,1,11,1,"11_1",1,1
114,26,2,1,11,1,"11_1",1,2
128,26,2,1,11,1,"11_1",1,1
101,26,2,1,11,1,"11_1",1,1
117,26,2,1,11,1,"11_1",1,4
115,26,2,1,11,1,"11_1",1,1
113,26,2,1,11,1,"11_1",1,2
119,26,2,1,11,1,"11_1",1,1
125,26,2,1,11,1,"11_1",1,3
103,26,2,1,11,1,"11_1",1,3
131,26,2,1,11,1,"11_1",1,4
130,26,2,1,11,1,"11_1",1,1
126,26,2,1,11,1,"11_1",1,1
118,26,2,1,11,1,"11_1",1,1
139,26,3,1,11,1,"11_1",1,2
110,26,3,1,11,1,"11_1",1,1
127,26,3,1,11,1,"11_1",1,1
132,26,3,1,11,1,"11_1",1,3
108,26,3,1,11,1,"11_1",1,2
102,26,3,0,11,1,"11_1",0,0
135,26,3,1,11,1,"11_1",1,2
121,26,3,1,11,1,"11_1",1,2
112,26,3,1,11,1,"11_1",1,2
122,26,3,1,11,1,"11_1",1,1
123,26,3,1,11,1,"11_1",1,2
140,26,3,1,11,1,"11_1",1,3
124,26,3,1,11,1,"11_1",1,2
116,26,3,1,11,1,"11_1",1,3
105,26,3,1,11,1,"11_1",1,2
109,26,3,1,11,1,"11_1",1,1
120,26,3,1,11,1,"11_1",1,5
138,26,3,1,11,1,"11_1",1,1
133,26,3,1,11,1,"11_1",1,5
129,26,3,1,11,1,"11_1",1,1
137,26,3,1,11,1,"11_1",1,1
104,26,3,1,11,1,"11_1",1,3
136,26,3,1,11,1,"11_1",1,1
106,26,3,1,11,1,"11_1",1,3
134,26,3,1,11,1,"11_1",1,6
111,26,3,1,11,1,"11_1",1,1
107,26,3,1,11,1,"11_1",1,1
114,26,3,1,11,1,"11_1",1,1
128,26,3,1,11,1,"11_1",1,1
101,26,3,1,11,1,"11_1",1,2
117,26,3,1,11,1,"11_1",1,2
115,26,3,1,11,1,"11_1",1,1
113,26,3,1,11,1,"11_1",1,1
119,26,3,1,11,1,"11_1",1,1
125,26,3,1,11,1,"11_1",1,5
103,26,3,1,11,1,"11_1",1,7
131,26,3,1,11,1,"11_1",1,2
130,26,3,1,11,1,"11_1",1,1
126,26,3,1,11,1,"11_1",1,2
118,26,3,1,11,1,"11_1",1,1
139,26,4,1,11,1,"11_1",1,3
110,26,4,1,11,1,"11_1",1,1
127,26,4,1,11,1,"11_1",1,2
132,26,4,1,11,1,"11_1",1,4
108,26,4,1,11,1,"11_1",1,2
102,26,4,0,11,1,"11_1",0,0
135,26,4,1,11,1,"11_1",1,1
121,26,4,1,11,1,"11_1",1,3
112,26,4,1,11,1,"11_1",1,6
122,26,4,0,11,1,"11_1",0,0
123,26,4,1,11,1,"11_1",1,1
140,26,4,0.600000023841858,11,1,"11_1",1,3
124,26,4,1,11,1,"11_1",1,1
116,26,4,1,11,1,"11_1",1,5
105,26,4,1,11,1,"11_1",1,2
109,26,4,1,11,1,"11_1",1,1
120,26,4,1,11,1,"11_1",1,4
138,26,4,1,11,1,"11_1",1,1
133,26,4,1,11,1,"11_1",1,3
129,26,4,1,11,1,"11_1",1,1
137,26,4,1,11,1,"11_1",1,1
104,26,4,1,11,1,"11_1",1,1
136,26,4,1,11,1,"11_1",1,1
106,26,4,1,11,1,"11_1",1,3
134,26,4,1,11,1,"11_1",1,1
111,26,4,1,11,1,"11_1",1,2
107,26,4,1,11,1,"11_1",1,1
114,26,4,1,11,1,"11_1",1,1
128,26,4,1,11,1,"11_1",1,2
101,26,4,1,11,1,"11_1",1,1
117,26,4,1,11,1,"11_1",1,2
115,26,4,1,11,1,"11_1",1,2
113,26,4,1,11,1,"11_1",1,2
119,26,4,0.600000023841858,11,1,"11_1",1,1
125,26,4,0.600000023841858,11,1,"11_1",1,15
103,26,4,1,11,1,"11_1",1,5
131,26,4,0,11,1,"11_1",0,0
130,26,4,1,11,1,"11_1",1,1
126,26,4,1,11,1,"11_1",1,1
118,26,4,1,11,1,"11_1",1,2
139,26,5,1,11,1,"11_1",1,1
110,26,5,1,11,1,"11_1",1,3
127,26,5,1,11,1,"11_1",1,1
132,26,5,1,11,1,"11_1",1,2
108,26,5,1,11,1,"11_1",1,8
102,26,5,0,11,1,"11_1",0,0
135,26,5,1,11,1,"11_1",1,1
121,26,5,1,11,1,"11_1",1,5
112,26,5,1,11,1,"11_1",1,3
122,26,5,1,11,1,"11_1",1,1
123,26,5,1,11,1,"11_1",1,1
140,26,5,1,11,1,"11_1",1,1
124,26,5,1,11,1,"11_1",1,14
116,26,5,1,11,1,"11_1",1,1
105,26,5,1,11,1,"11_1",1,3
109,26,5,1,11,1,"11_1",1,1
120,26,5,1,11,1,"11_1",1,6
138,26,5,1,11,1,"11_1",1,3
133,26,5,1,11,1,"11_1",1,2
129,26,5,1,11,1,"11_1",1,1
137,26,5,1,11,1,"11_1",1,1
104,26,5,1,11,1,"11_1",1,3
136,26,5,1,11,1,"11_1",1,1
106,26,5,0.5,11,1,"11_1",0,1
134,26,5,1,11,1,"11_1",1,2
111,26,5,1,11,1,"11_1",1,9
107,26,5,1,11,1,"11_1",1,1
114,26,5,1,11,1,"11_1",1,1
128,26,5,1,11,1,"11_1",1,1
101,26,5,1,11,1,"11_1",1,3
117,26,5,1,11,1,"11_1",1,3
115,26,5,1,11,1,"11_1",1,2
113,26,5,1,11,1,"11_1",1,2
119,26,5,1,11,1,"11_1",1,1
125,26,5,1,11,1,"11_1",1,3
103,26,5,1,11,1,"11_1",1,4
131,26,5,0,11,1,"11_1",0,0
130,26,5,1,11,1,"11_1",1,1
126,26,5,1,11,1,"11_1",1,1
118,26,5,1,11,1,"11_1",1,2
139,27,1,0,11,2,"11_2",0,0
110,27,1,0.5,11,2,"11_2",0,3
127,27,1,0,11,2,"11_2",0,0
132,27,1,1,11,2,"11_2",1,8
108,27,1,1,11,2,"11_2",1,1
102,27,1,0,11,2,"11_2",0,0
135,27,1,1,11,2,"11_2",1,1
121,27,1,1,11,2,"11_2",1,3
112,27,1,1,11,2,"11_2",1,2
122,27,1,1,11,2,"11_2",1,2
123,27,1,1,11,2,"11_2",1,2
140,27,1,0.5,11,2,"11_2",0,6
124,27,1,1,11,2,"11_2",1,1
116,27,1,0,11,2,"11_2",0,0
105,27,1,0.5,11,2,"11_2",0,9
109,27,1,0,11,2,"11_2",0,0
120,27,1,1,11,2,"11_2",1,6
138,27,1,0,11,2,"11_2",0,0
133,27,1,1,11,2,"11_2",1,1
129,27,1,1,11,2,"11_2",1,2
137,27,1,1,11,2,"11_2",1,1
104,27,1,0,11,2,"11_2",0,0
136,27,1,0,11,2,"11_2",0,0
106,27,1,1,11,2,"11_2",1,1
134,27,1,1,11,2,"11_2",1,1
111,27,1,1,11,2,"11_2",1,2
107,27,1,1,11,2,"11_2",1,2
114,27,1,0.75,11,2,"11_2",1,2
128,27,1,1,11,2,"11_2",1,2
101,27,1,1,11,2,"11_2",1,1
117,27,1,1,11,2,"11_2",1,5
115,27,1,1,11,2,"11_2",1,3
113,27,1,1,11,2,"11_2",1,1
119,27,1,0.5,11,2,"11_2",0,3
125,27,1,1,11,2,"11_2",1,9
103,27,1,1,11,2,"11_2",1,7
131,27,1,0.25,11,2,"11_2",0,4
130,27,1,1,11,2,"11_2",1,1
126,27,1,1,11,2,"11_2",1,2
118,27,1,1,11,2,"11_2",1,1
139,27,2,0,11,2,"11_2",0,0
110,27,2,0.600000023841858,11,2,"11_2",1,2
127,27,2,0,11,2,"11_2",0,0
132,27,2,1,11,2,"11_2",1,3
108,27,2,1,11,2,"11_2",1,2
102,27,2,0,11,2,"11_2",0,0
135,27,2,1,11,2,"11_2",1,1
121,27,2,1,11,2,"11_2",1,4
112,27,2,1,11,2,"11_2",1,1
122,27,2,1,11,2,"11_2",1,2
123,27,2,1,11,2,"11_2",1,2
140,27,2,0.800000011920929,11,2,"11_2",1,7
124,27,2,1,11,2,"11_2",1,2
116,27,2,0,11,2,"11_2",0,0
105,27,2,0.600000023841858,11,2,"11_2",1,1
109,27,2,0,11,2,"11_2",0,0
120,27,2,1,11,2,"11_2",1,5
138,27,2,0,11,2,"11_2",0,0
133,27,2,0.400000005960464,11,2,"11_2",0,4
129,27,2,1,11,2,"11_2",1,1
137,27,2,1,11,2,"11_2",1,1
104,27,2,0,11,2,"11_2",0,0
136,27,2,0,11,2,"11_2",0,0
106,27,2,1,11,2,"11_2",1,1
134,27,2,1,11,2,"11_2",1,4
111,27,2,1,11,2,"11_2",1,3
107,27,2,1,11,2,"11_2",1,1
114,27,2,0.400000005960464,11,2,"11_2",0,2
128,27,2,0.200000002980232,11,2,"11_2",0,2
101,27,2,1,11,2,"11_2",1,1
117,27,2,1,11,2,"11_2",1,2
115,27,2,1,11,2,"11_2",1,3
113,27,2,1,11,2,"11_2",1,2
119,27,2,0.600000023841858,11,2,"11_2",1,3
125,27,2,1,11,2,"11_2",1,6
103,27,2,1,11,2,"11_2",1,15
131,27,2,0.400000005960464,11,2,"11_2",0,2
130,27,2,1,11,2,"11_2",1,2
126,27,2,1,11,2,"11_2",1,2
118,27,2,1,11,2,"11_2",1,2
139,27,3,0,10,1,"10_1",0,0
110,27,3,0,10,1,"10_1",0,4
127,27,3,0,10,1,"10_1",0,0
132,27,3,1,10,1,"10_1",1,4
108,27,3,0,10,1,"10_1",0,2
102,27,3,0,10,1,"10_1",0,0
135,27,3,1,10,1,"10_1",1,1
121,27,3,1,10,1,"10_1",1,6
112,27,3,1,10,1,"10_1",1,1
122,27,3,1,10,1,"10_1",1,3
123,27,3,0,10,1,"10_1",0,5
140,27,3,0,10,1,"10_1",0,0
124,27,3,1,10,1,"10_1",1,1
116,27,3,0,10,1,"10_1",0,0
105,27,3,1,10,1,"10_1",1,5
109,27,3,0,10,1,"10_1",0,0
120,27,3,0,10,1,"10_1",0,5
138,27,3,0,10,1,"10_1",0,0
133,27,3,0,10,1,"10_1",0,4
129,27,3,1,10,1,"10_1",1,1
137,27,3,0,10,1,"10_1",0,3
104,27,3,0,10,1,"10_1",0,0
136,27,3,0,10,1,"10_1",0,0
106,27,3,1,10,1,"10_1",1,1
134,27,3,0,10,1,"10_1",0,22
111,27,3,1,10,1,"10_1",1,1
107,27,3,0,10,1,"10_1",0,1
114,27,3,0,10,1,"10_1",0,0
128,27,3,0,10,1,"10_1",0,4
101,27,3,1,10,1,"10_1",1,1
117,27,3,0,10,1,"10_1",0,2
115,27,3,0,10,1,"10_1",0,16
113,27,3,0,10,1,"10_1",0,4
119,27,3,1,10,1,"10_1",1,1
125,27,3,0,10,1,"10_1",0,23
103,27,3,0,10,1,"10_1",0,40
131,27,3,0,10,1,"10_1",0,4
130,27,3,1,10,1,"10_1",1,1
126,27,3,1,10,1,"10_1",1,1
118,27,3,1,10,1,"10_1",1,1
139,27,5,0,11,2,"11_2",0,0
110,27,5,1,11,2,"11_2",1,2
127,27,5,0,11,2,"11_2",0,0
132,27,5,1,11,2,"11_2",1,2
108,27,5,1,11,2,"11_2",1,1
102,27,5,0,11,2,"11_2",0,0
135,27,5,1,11,2,"11_2",1,1
121,27,5,1,11,2,"11_2",1,1
112,27,5,1,11,2,"11_2",1,1
122,27,5,1,11,2,"11_2",1,1
123,27,5,1,11,2,"11_2",1,2
140,27,5,1,11,2,"11_2",1,1
124,27,5,1,11,2,"11_2",1,1
116,27,5,0,11,2,"11_2",0,0
105,27,5,1,11,2,"11_2",1,1
109,27,5,0,11,2,"11_2",0,0
120,27,5,1,11,2,"11_2",1,1
138,27,5,0,11,2,"11_2",0,0
133,27,5,1,11,2,"11_2",1,1
129,27,5,1,11,2,"11_2",1,1
137,27,5,1,11,2,"11_2",1,4
104,27,5,0,11,2,"11_2",0,0
136,27,5,0,11,2,"11_2",0,0
106,27,5,1,11,2,"11_2",1,1
134,27,5,1,11,2,"11_2",1,2
111,27,5,1,11,2,"11_2",1,1
107,27,5,1,11,2,"11_2",1,1
114,27,5,0,11,2,"11_2",0,0
128,27,5,1,11,2,"11_2",1,1
101,27,5,1,11,2,"11_2",1,1
117,27,5,1,11,2,"11_2",1,1
115,27,5,1,11,2,"11_2",1,1
113,27,5,1,11,2,"11_2",1,1
119,27,5,1,11,2,"11_2",1,1
125,27,5,1,11,2,"11_2",1,2
103,27,5,1,11,2,"11_2",1,3
131,27,5,0,11,2,"11_2",0,0
130,27,5,1,11,2,"11_2",1,1
126,27,5,1,11,2,"11_2",1,1
118,27,5,1,11,2,"11_2",1,1
139,27,6,0,11,2,"11_2",0,0
110,27,6,0,11,2,"11_2",0,0
127,27,6,0,11,2,"11_2",0,0
132,27,6,1,11,2,"11_2",1,3
108,27,6,1,11,2,"11_2",1,3
102,27,6,0,11,2,"11_2",0,0
135,27,6,1,11,2,"11_2",1,1
121,27,6,1,11,2,"11_2",1,1
112,27,6,1,11,2,"11_2",1,1
122,27,6,1,11,2,"11_2",1,1
123,27,6,0,11,2,"11_2",0,0
140,27,6,0,11,2,"11_2",0,2
124,27,6,1,11,2,"11_2",1,5
116,27,6,0,11,2,"11_2",0,0
105,27,6,1,11,2,"11_2",1,3
109,27,6,0,11,2,"11_2",0,0
120,27,6,1,11,2,"11_2",1,4
138,27,6,0,11,2,"11_2",0,0
133,27,6,0,11,2,"11_2",0,0
129,27,6,1,11,2,"11_2",1,2
137,27,6,1,11,2,"11_2",1,1
104,27,6,0,11,2,"11_2",0,0
136,27,6,0,11,2,"11_2",0,0
106,27,6,1,11,2,"11_2",1,1
134,27,6,1,11,2,"11_2",1,2
111,27,6,1,11,2,"11_2",1,3
107,27,6,1,11,2,"11_2",1,1
114,27,6,0,11,2,"11_2",0,0
128,27,6,0,11,2,"11_2",0,0
101,27,6,1,11,2,"11_2",1,1
117,27,6,1,11,2,"11_2",1,3
115,27,6,1,11,2,"11_2",1,6
113,27,6,1,11,2,"11_2",1,1
119,27,6,1,11,2,"11_2",1,1
125,27,6,1,11,2,"11_2",1,1
103,27,6,1,11,2,"11_2",1,7
131,27,6,0,11,2,"11_2",0,0
130,27,6,1,11,2,"11_2",1,1
126,27,6,1,11,2,"11_2",1,3
118,27,6,1,11,2,"11_2",1,1
139,28,4,1,11,1,"11_1",1,1
110,28,4,1,11,1,"11_1",1,2
127,28,4,1,11,1,"11_1",1,2
132,28,4,1,11,1,"11_1",1,2
108,28,4,1,11,1,"11_1",1,4
102,28,4,0,11,1,"11_1",0,0
135,28,4,0.25,11,1,"11_1",0,2
121,28,4,1,11,1,"11_1",1,3
112,28,4,1,11,1,"11_1",1,4
122,28,4,1,11,1,"11_1",1,2
123,28,4,0,11,1,"11_1",0,0
140,28,4,1,11,1,"11_1",1,4
124,28,4,1,11,1,"11_1",1,2
116,28,4,0.75,11,1,"11_1",1,2
105,28,4,1,11,1,"11_1",1,2
109,28,4,0,11,1,"11_1",0,0
120,28,4,0.75,11,1,"11_1",1,4
138,28,4,0,11,1,"11_1",0,0
133,28,4,1,11,1,"11_1",1,2
129,28,4,1,11,1,"11_1",1,2
137,28,4,1,11,1,"11_1",1,2
104,28,4,1,11,1,"11_1",1,2
136,28,4,1,11,1,"11_1",1,2
106,28,4,1,11,1,"11_1",1,2
134,28,4,1,11,1,"11_1",1,3
111,28,4,1,11,1,"11_1",1,3
107,28,4,1,11,1,"11_1",1,4
114,28,4,1,11,1,"11_1",1,1
128,28,4,0.75,11,1,"11_1",1,3
101,28,4,1,11,1,"11_1",1,1
117,28,4,1,11,1,"11_1",1,2
115,28,4,1,11,1,"11_1",1,2
113,28,4,1,11,1,"11_1",1,2
119,28,4,1,11,1,"11_1",1,2
125,28,4,1,11,1,"11_1",1,6
103,28,4,1,11,1,"11_1",1,7
131,28,4,1,11,1,"11_1",1,1
130,28,4,1,11,1,"11_1",1,2
126,28,4,0.75,11,1,"11_1",1,3
118,28,4,0.75,11,1,"11_1",1,2
139,28,7,0.75,11,2,"11_2",1,3
110,28,7,1,11,2,"11_2",1,3
127,28,7,1,11,2,"11_2",1,3
132,28,7,1,11,2,"11_2",1,2
108,28,7,0.75,11,2,"11_2",1,3
102,28,7,0,11,2,"11_2",0,0
135,28,7,1,11,2,"11_2",1,2
121,28,7,1,11,2,"11_2",1,2
112,28,7,1,11,2,"11_2",1,6
122,28,7,1,11,2,"11_2",1,9
123,28,7,0.75,11,2,"11_2",1,1
140,28,7,1,11,2,"11_2",1,4
124,28,7,1,11,2,"11_2",1,2
116,28,7,1,11,2,"11_2",1,3
105,28,7,0.75,11,2,"11_2",1,12
109,28,7,0,11,2,"11_2",0,0
120,28,7,0.75,11,2,"11_2",1,7
138,28,7,0,11,2,"11_2",0,0
133,28,7,0.75,11,2,"11_2",1,4
129,28,7,1,11,2,"11_2",1,3
137,28,7,0.75,11,2,"11_2",1,5
104,28,7,1,11,2,"11_2",1,10
136,28,7,1,11,2,"11_2",1,2
106,28,7,1,11,2,"11_2",1,4
134,28,7,1,11,2,"11_2",1,2
111,28,7,1,11,2,"11_2",1,5
107,28,7,0.75,11,2,"11_2",1,8
114,28,7,0.75,11,2,"11_2",1,3
128,28,7,1,11,2,"11_2",1,4
101,28,7,1,11,2,"11_2",1,2
117,28,7,1,11,2,"11_2",1,3
115,28,7,1,11,2,"11_2",1,5
113,28,7,1,11,2,"11_2",1,4
119,28,7,0.5,11,2,"11_2",0,5
125,28,7,1,11,2,"11_2",1,4
103,28,7,0.75,11,2,"11_2",1,5
131,28,7,0.75,11,2,"11_2",1,3
130,28,7,1,11,2,"11_2",1,2
126,28,7,0.75,11,2,"11_2",1,2
118,28,7,0.75,11,2,"11_2",1,3
139,29,1,1,12,1,"12_1",1,1
110,29,1,0.333333343267441,12,1,"12_1",0,2
127,29,1,1,12,1,"12_1",1,1
132,29,1,1,12,1,"12_1",1,5
108,29,1,1,12,1,"12_1",1,5
102,29,1,0,12,1,"12_1",0,0
135,29,1,0.666666686534882,12,1,"12_1",1,1
121,29,1,0.666666686534882,12,1,"12_1",1,7
112,29,1,1,12,1,"12_1",1,4
122,29,1,1,12,1,"12_1",1,2
123,29,1,1,12,1,"12_1",1,2
140,29,1,1,12,1,"12_1",1,4
124,29,1,1,12,1,"12_1",1,1
116,29,1,1,12,1,"12_1",1,3
105,29,1,1,12,1,"12_1",1,1
109,29,1,0,12,1,"12_1",0,0
120,29,1,1,12,1,"12_1",1,6
138,29,1,1,12,1,"12_1",1,3
133,29,1,1,12,1,"12_1",1,5
129,29,1,1,12,1,"12_1",1,5
137,29,1,1,12,1,"12_1",1,4
104,29,1,1,12,1,"12_1",1,3
136,29,1,1,12,1,"12_1",1,1
106,29,1,1,12,1,"12_1",1,5
134,29,1,1,12,1,"12_1",1,2
111,29,1,1,12,1,"12_1",1,1
107,29,1,0.666666686534882,12,1,"12_1",1,4
114,29,1,0.666666686534882,12,1,"12_1",1,2
128,29,1,1,12,1,"12_1",1,4
101,29,1,1,12,1,"12_1",1,1
117,29,1,1,12,1,"12_1",1,4
115,29,1,1,12,1,"12_1",1,3
113,29,1,1,12,1,"12_1",1,2
119,29,1,1,12,1,"12_1",1,3
125,29,1,0.333333343267441,12,1,"12_1",0,7
103,29,1,1,12,1,"12_1",1,8
131,29,1,1,12,1,"12_1",1,2
130,29,1,1,12,1,"12_1",1,2
126,29,1,0.666666686534882,12,1,"12_1",1,2
118,29,1,0.666666686534882,12,1,"12_1",1,6
139,29,3,1,12,1,"12_1",1,2
110,29,3,0.800000011920929,12,1,"12_1",1,4
127,29,3,1,12,1,"12_1",1,1
132,29,3,1,12,1,"12_1",1,2
108,29,3,1,12,1,"12_1",1,2
102,29,3,0,12,1,"12_1",0,0
135,29,3,0,12,1,"12_1",0,0
121,29,3,1,12,1,"12_1",1,7
112,29,3,1,12,1,"12_1",1,13
122,29,3,1,12,1,"12_1",1,2
123,29,3,1,12,1,"12_1",1,3
140,29,3,1,12,1,"12_1",1,4
124,29,3,1,12,1,"12_1",1,3
116,29,3,1,12,1,"12_1",1,9
105,29,3,1,12,1,"12_1",1,4
109,29,3,0,12,1,"12_1",0,0
120,29,3,1,12,1,"12_1",1,32
138,29,3,1,12,1,"12_1",1,3
133,29,3,1,12,1,"12_1",1,4
129,29,3,1,12,1,"12_1",1,1
137,29,3,1,12,1,"12_1",1,5
104,29,3,1,12,1,"12_1",1,7
136,29,3,1,12,1,"12_1",1,1
106,29,3,1,12,1,"12_1",1,7
134,29,3,1,12,1,"12_1",1,3
111,29,3,1,12,1,"12_1",1,1
107,29,3,1,12,1,"12_1",1,3
114,29,3,0.800000011920929,12,1,"12_1",1,5
128,29,3,1,12,1,"12_1",1,3
101,29,3,1,12,1,"12_1",1,5
117,29,3,1,12,1,"12_1",1,6
115,29,3,1,12,1,"12_1",1,5
113,29,3,1,12,1,"12_1",1,1
119,29,3,0.800000011920929,12,1,"12_1",1,3
125,29,3,0.400000005960464,12,1,"12_1",0,3
103,29,3,1,12,1,"12_1",1,19
131,29,3,0.800000011920929,12,1,"12_1",1,2
130,29,3,1,12,1,"12_1",1,1
126,29,3,0.600000023841858,12,1,"12_1",1,6
118,29,3,1,12,1,"12_1",1,10
139,29,4,1,12,1,"12_1",1,3
110,29,4,0.888888895511627,12,1,"12_1",1,4
127,29,4,1,12,1,"12_1",1,1
132,29,4,1,12,1,"12_1",1,6
108,29,4,1,12,1,"12_1",1,5
102,29,4,0,12,1,"12_1",0,0
135,29,4,0,12,1,"12_1",0,0
121,29,4,1,12,1,"12_1",1,2
112,29,4,1,12,1,"12_1",1,6
122,29,4,1,12,1,"12_1",1,3
123,29,4,1,12,1,"12_1",1,2
140,29,4,1,12,1,"12_1",1,9
124,29,4,1,12,1,"12_1",1,9
116,29,4,1,12,1,"12_1",1,15
105,29,4,1,12,1,"12_1",1,11
109,29,4,0,12,1,"12_1",0,0
120,29,4,1,12,1,"12_1",1,14
138,29,4,1,12,1,"12_1",1,2
133,29,4,1,12,1,"12_1",1,7
129,29,4,1,12,1,"12_1",1,2
137,29,4,1,12,1,"12_1",1,11
104,29,4,0.333332985639572,12,1,"12_1",0,5
136,29,4,1,12,1,"12_1",1,2
106,29,4,1,12,1,"12_1",1,7
134,29,4,1,12,1,"12_1",1,15
111,29,4,1,12,1,"12_1",1,2
107,29,4,1,12,1,"12_1",1,5
114,29,4,0.222222223877907,12,1,"12_1",0,5
128,29,4,1,12,1,"12_1",1,5
101,29,4,1,12,1,"12_1",1,6
117,29,4,1,12,1,"12_1",1,10
115,29,4,1,12,1,"12_1",1,10
113,29,4,1,12,1,"12_1",1,3
119,29,4,0.888888895511627,12,1,"12_1",1,4
125,29,4,0.333333343267441,12,1,"12_1",0,4
103,29,4,1,12,1,"12_1",1,12
131,29,4,0.888888895511627,12,1,"12_1",1,7
130,29,4,1,12,1,"12_1",1,3
126,29,4,1,12,1,"12_1",1,11
118,29,4,0.888888895511627,12,1,"12_1",1,8
139,29,5,1,12,1,"12_1",1,1
110,29,5,0,12,1,"12_1",0,0
127,29,5,0.916666686534882,12,1,"12_1",1,4
132,29,5,1,12,1,"12_1",1,13
108,29,5,1,12,1,"12_1",1,2
102,29,5,0,12,1,"12_1",0,0
135,29,5,0,12,1,"12_1",0,0
121,29,5,1,12,1,"12_1",1,6
112,29,5,1,12,1,"12_1",1,17
122,29,5,1,12,1,"12_1",1,6
123,29,5,1,12,1,"12_1",1,3
140,29,5,1,12,1,"12_1",1,8
124,29,5,1,12,1,"12_1",1,4
116,29,5,1,12,1,"12_1",1,15
105,29,5,1,12,1,"12_1",1,8
109,29,5,0,12,1,"12_1",0,0
120,29,5,1,12,1,"12_1",1,31
138,29,5,0.916666686534882,12,1,"12_1",1,2
133,29,5,0.916666686534882,12,1,"12_1",1,4
129,29,5,1,12,1,"12_1",1,5
137,29,5,1,12,1,"12_1",1,8
104,29,5,0.25,12,1,"12_1",0,5
136,29,5,0,12,1,"12_1",0,0
106,29,5,0.916666686534882,12,1,"12_1",1,14
134,29,5,1,12,1,"12_1",1,6
111,29,5,1,12,1,"12_1",1,5
107,29,5,1,12,1,"12_1",1,4
114,29,5,0,12,1,"12_1",0,0
128,29,5,0.75,12,1,"12_1",1,9
101,29,5,1,12,1,"12_1",1,3
117,29,5,1,12,1,"12_1",1,12
115,29,5,1,12,1,"12_1",1,14
113,29,5,1,12,1,"12_1",1,2
119,29,5,1,12,1,"12_1",1,4
125,29,5,0.16666667163372,12,1,"12_1",0,3
103,29,5,1,12,1,"12_1",1,36
131,29,5,0.5,12,1,"12_1",0,7
130,29,5,1,12,1,"12_1",1,9
126,29,5,0.833333313465118,12,1,"12_1",1,8
118,29,5,1,12,1,"12_1",1,7
139,29,7,1,12,1,"12_1",1,3
110,29,7,0,12,1,"12_1",0,0
127,29,7,1,12,1,"12_1",1,1
132,29,7,1,12,1,"12_1",1,4
108,29,7,1,12,1,"12_1",1,2
102,29,7,0,12,1,"12_1",0,0
135,29,7,0,12,1,"12_1",0,0
121,29,7,1,12,1,"12_1",1,3
112,29,7,1,12,1,"12_1",1,5
122,29,7,1,12,1,"12_1",1,5
123,29,7,1,12,1,"12_1",1,1
140,29,7,1,12,1,"12_1",1,4
124,29,7,1,12,1,"12_1",1,2
116,29,7,1,12,1,"12_1",1,6
105,29,7,1,12,1,"12_1",1,4
109,29,7,0,12,1,"12_1",0,0
120,29,7,1,12,1,"12_1",1,15
138,29,7,1,12,1,"12_1",1,1
133,29,7,0.714285731315613,12,1,"12_1",1,2
129,29,7,1,12,1,"12_1",1,1
137,29,7,1,12,1,"12_1",1,12
104,29,7,0.571428596973419,12,1,"12_1",1,2
136,29,7,0,12,1,"12_1",0,0
106,29,7,1,12,1,"12_1",1,8
134,29,7,1,12,1,"12_1",1,6
111,29,7,1,12,1,"12_1",1,1
107,29,7,1,12,1,"12_1",1,4
114,29,7,0,12,1,"12_1",0,0
128,29,7,1,12,1,"12_1",1,4
101,29,7,1,12,1,"12_1",1,7
117,29,7,1,12,1,"12_1",1,5
115,29,7,1,12,1,"12_1",1,8
113,29,7,1,12,1,"12_1",1,2
119,29,7,1,12,1,"12_1",1,3
125,29,7,0.714285731315613,12,1,"12_1",1,6
103,29,7,1,12,1,"12_1",1,8
131,29,7,0.714285731315613,12,1,"12_1",1,6
130,29,7,1,12,1,"12_1",1,1
126,29,7,0.857142865657806,12,1,"12_1",1,4
118,29,7,1,12,1,"12_1",1,4
139,29,8,1,10,2,"10_2",1,3
110,29,8,0.75,10,2,"10_2",1,4
127,29,8,1,10,2,"10_2",1,2
132,29,8,1,10,2,"10_2",1,3
108,29,8,1,10,2,"10_2",1,2
102,29,8,0,10,2,"10_2",0,0
135,29,8,0,10,2,"10_2",0,0
121,29,8,1,10,2,"10_2",1,4
112,29,8,1,10,2,"10_2",1,8
122,29,8,1,10,2,"10_2",1,3
123,29,8,1,10,2,"10_2",1,2
140,29,8,1,10,2,"10_2",1,4
124,29,8,1,10,2,"10_2",1,1
116,29,8,1,10,2,"10_2",1,4
105,29,8,1,10,2,"10_2",1,4
109,29,8,0,10,2,"10_2",0,0
120,29,8,1,10,2,"10_2",1,5
138,29,8,1,10,2,"10_2",1,1
133,29,8,0.75,10,2,"10_2",1,2
129,29,8,1,10,2,"10_2",1,1
137,29,8,1,10,2,"10_2",1,4
104,29,8,0.75,10,2,"10_2",1,4
136,29,8,0,10,2,"10_2",0,0
106,29,8,0.75,10,2,"10_2",1,5
134,29,8,1,10,2,"10_2",1,4
111,29,8,1,10,2,"10_2",1,3
107,29,8,0.75,10,2,"10_2",1,4
114,29,8,0,10,2,"10_2",0,0
128,29,8,1,10,2,"10_2",1,4
101,29,8,1,10,2,"10_2",1,3
117,29,8,1,10,2,"10_2",1,4
115,29,8,0.75,10,2,"10_2",1,4
113,29,8,1,10,2,"10_2",1,1
119,29,8,1,10,2,"10_2",1,2
125,29,8,0.75,10,2,"10_2",1,4
103,29,8,1,10,2,"10_2",1,4
131,29,8,0.75,10,2,"10_2",1,4
130,29,8,1,10,2,"10_2",1,1
126,29,8,0.75,10,2,"10_2",1,3
118,29,8,1,10,2,"10_2",1,4
139,30,1,0.916666686534882,12,2,"12_2",1,1
110,30,1,0,12,2,"12_2",0,0
127,30,1,1,12,2,"12_2",1,4
132,30,1,1,12,2,"12_2",1,3
108,30,1,1,12,2,"12_2",1,11
102,30,1,0,12,2,"12_2",0,0
135,30,1,0.916666686534882,12,2,"12_2",1,4
121,30,1,1,12,2,"12_2",1,10
112,30,1,1,12,2,"12_2",1,3
122,30,1,0.25,12,2,"12_2",0,1
123,30,1,1,12,2,"12_2",1,5
140,30,1,1,12,2,"12_2",1,6
124,30,1,1,12,2,"12_2",1,1
116,30,1,1,12,2,"12_2",1,3
105,30,1,1,12,2,"12_2",1,10
109,30,1,0.583333313465118,12,2,"12_2",1,2
120,30,1,1,12,2,"12_2",1,15
138,30,1,0,12,2,"12_2",0,0
133,30,1,0.916666686534882,12,2,"12_2",1,2
129,30,1,1,12,2,"12_2",1,1
137,30,1,1,12,2,"12_2",1,5
104,30,1,1,12,2,"12_2",1,13
136,30,1,1,12,2,"12_2",1,1
106,30,1,1,12,2,"12_2",1,11
134,30,1,1,12,2,"12_2",1,5
111,30,1,1,12,2,"12_2",1,5
107,30,1,0.916666686534882,12,2,"12_2",1,3
114,30,1,1,12,2,"12_2",1,4
128,30,1,1,12,2,"12_2",1,4
101,30,1,1,12,2,"12_2",1,3
117,30,1,1,12,2,"12_2",1,4
115,30,1,1,12,2,"12_2",1,3
113,30,1,0,12,2,"12_2",0,0
119,30,1,1,12,2,"12_2",1,2
125,30,1,1,12,2,"12_2",1,8
103,30,1,1,12,2,"12_2",1,11
131,30,1,1,12,2,"12_2",1,4
130,30,1,1,12,2,"12_2",1,3
126,30,1,1,12,2,"12_2",1,3
118,30,1,0.833333313465118,12,2,"12_2",1,4
139,30,3,1,12,2,"12_2",1,2
110,30,3,0,12,2,"12_2",0,0
127,30,3,0.666666686534882,12,2,"12_2",1,3
132,30,3,1,12,2,"12_2",1,3
108,30,3,1,12,2,"12_2",1,16
102,30,3,0,12,2,"12_2",0,0
135,30,3,0.666666686534882,12,2,"12_2",1,2
121,30,3,1,12,2,"12_2",1,14
112,30,3,1,12,2,"12_2",1,6
122,30,3,0,12,2,"12_2",0,0
123,30,3,1,12,2,"12_2",1,2
140,30,3,1,12,2,"12_2",1,3
124,30,3,1,12,2,"12_2",1,3
116,30,3,1,12,2,"12_2",1,1
105,30,3,1,12,2,"12_2",1,4
109,30,3,0,12,2,"12_2",0,0
120,30,3,1,12,2,"12_2",1,5
138,30,3,0,12,2,"12_2",0,0
133,30,3,0.666666686534882,12,2,"12_2",1,2
129,30,3,1,12,2,"12_2",1,1
137,30,3,1,12,2,"12_2",1,2
104,30,3,1,12,2,"12_2",1,3
136,30,3,1,12,2,"12_2",1,1
106,30,3,0.333333343267441,12,2,"12_2",0,3
134,30,3,1,12,2,"12_2",1,1
111,30,3,1,12,2,"12_2",1,1
107,30,3,0.333333343267441,12,2,"12_2",0,9
114,30,3,0.666666686534882,12,2,"12_2",1,1
128,30,3,0.333333343267441,12,2,"12_2",0,1
101,30,3,1,12,2,"12_2",1,3
117,30,3,1,12,2,"12_2",1,2
115,30,3,0.666666686534882,12,2,"12_2",1,7
113,30,3,0,12,2,"12_2",0,0
119,30,3,1,12,2,"12_2",1,1
125,30,3,1,12,2,"12_2",1,6
103,30,3,1,12,2,"12_2",1,7
131,30,3,0.666666686534882,12,2,"12_2",1,1
130,30,3,1,12,2,"12_2",1,1
126,30,3,0.666666686534882,12,2,"12_2",1,3
118,30,3,0.666666686534882,12,2,"12_2",1,5
139,30,5,0.75,12,2,"12_2",1,2
110,30,5,0,12,2,"12_2",0,0
127,30,5,0.75,12,2,"12_2",1,2
132,30,5,1,12,2,"12_2",1,2
108,30,5,1,12,2,"12_2",1,6
102,30,5,0,12,2,"12_2",0,0
135,30,5,0.75,12,2,"12_2",1,3
121,30,5,1,12,2,"12_2",1,3
112,30,5,1,12,2,"12_2",1,2
122,30,5,1,12,2,"12_2",1,2
123,30,5,1,12,2,"12_2",1,1
140,30,5,1,12,2,"12_2",1,6
124,30,5,1,12,2,"12_2",1,1
116,30,5,1,12,2,"12_2",1,3
105,30,5,1,12,2,"12_2",1,2
109,30,5,0,12,2,"12_2",0,0
120,30,5,1,12,2,"12_2",1,6
138,30,5,0,12,2,"12_2",0,0
133,30,5,0.75,12,2,"12_2",1,2
129,30,5,1,12,2,"12_2",1,1
137,30,5,1,12,2,"12_2",1,2
104,30,5,1,12,2,"12_2",1,3
136,30,5,1,12,2,"12_2",1,1
106,30,5,0.75,12,2,"12_2",1,4
134,30,5,1,12,2,"12_2",1,3
111,30,5,1,12,2,"12_2",1,3
107,30,5,0.75,12,2,"12_2",1,3
114,30,5,0.75,12,2,"12_2",1,1
128,30,5,1,12,2,"12_2",1,2
101,30,5,1,12,2,"12_2",1,3
117,30,5,1,12,2,"12_2",1,2
115,30,5,0.75,12,2,"12_2",1,2
113,30,5,0,12,2,"12_2",0,0
119,30,5,0.75,12,2,"12_2",1,2
125,30,5,1,12,2,"12_2",1,5
103,30,5,1,12,2,"12_2",1,6
131,30,5,0.75,12,2,"12_2",1,1
130,30,5,1,12,2,"12_2",1,1
126,30,5,0.75,12,2,"12_2",1,2
118,30,5,0.75,12,2,"12_2",1,2
139,30,6,1,12,2,"12_2",1,1
110,30,6,0,12,2,"12_2",0,0
127,30,6,0.916666686534882,12,2,"12_2",1,2
132,30,6,1,12,2,"12_2",1,1
108,30,6,1,12,2,"12_2",1,7
102,30,6,0,12,2,"12_2",0,0
135,30,6,0.916666686534882,12,2,"12_2",1,2
121,30,6,1,12,2,"12_2",1,5
112,30,6,1,12,2,"12_2",1,3
122,30,6,0,12,2,"12_2",0,0
123,30,6,1,12,2,"12_2",1,2
140,30,6,1,12,2,"12_2",1,6
124,30,6,1,12,2,"12_2",1,2
116,30,6,1,12,2,"12_2",1,6
105,30,6,1,12,2,"12_2",1,1
109,30,6,0,12,2,"12_2",0,0
120,30,6,1,12,2,"12_2",1,9
138,30,6,0,12,2,"12_2",0,0
133,30,6,0.916666686534882,12,2,"12_2",1,2
129,30,6,1,12,2,"12_2",1,1
137,30,6,1,12,2,"12_2",1,1
104,30,6,1,12,2,"12_2",1,6
136,30,6,1,12,2,"12_2",1,1
106,30,6,0.916666984558105,12,2,"12_2",1,5
134,30,6,1,12,2,"12_2",1,1
111,30,6,1,12,2,"12_2",1,2
107,30,6,0.916666686534882,12,2,"12_2",1,3
114,30,6,0.916666686534882,12,2,"12_2",1,2
128,30,6,1,12,2,"12_2",1,1
101,30,6,1,12,2,"12_2",1,4
117,30,6,1,12,2,"12_2",1,4
115,30,6,0.916666686534882,12,2,"12_2",1,6
113,30,6,0,12,2,"12_2",0,0
119,30,6,0.916666686534882,12,2,"12_2",1,3
125,30,6,1,12,2,"12_2",1,9
103,30,6,1,12,2,"12_2",1,9
131,30,6,1,12,2,"12_2",1,2
130,30,6,1,12,2,"12_2",1,1
126,30,6,0.916666686534882,12,2,"12_2",1,3
118,30,6,0.666666686534882,12,2,"12_2",1,1
139,31,6,0.200000002980232,11,1,"11_1",0,2
110,31,6,0,11,1,"11_1",0,0
127,31,6,1,11,1,"11_1",1,2
132,31,6,1,11,1,"11_1",1,2
108,31,6,0.400000005960464,11,1,"11_1",0,3
102,31,6,0,11,1,"11_1",0,0
135,31,6,0,11,1,"11_1",0,0
121,31,6,1,11,1,"11_1",1,3
112,31,6,1,11,1,"11_1",1,4
122,31,6,1,11,1,"11_1",1,2
123,31,6,0.400000005960464,11,1,"11_1",0,2
140,31,6,0.400000005960464,11,1,"11_1",0,1
124,31,6,1,11,1,"11_1",1,2
116,31,6,0,11,1,"11_1",0,0
105,31,6,1,11,1,"11_1",1,3
109,31,6,0,11,1,"11_1",0,0
120,31,6,1,11,1,"11_1",1,4
138,31,6,0,11,1,"11_1",0,0
133,31,6,1,11,1,"11_1",1,5
129,31,6,1,11,1,"11_1",1,3
137,31,6,1,11,1,"11_1",1,2
104,31,6,1,11,1,"11_1",1,3
136,31,6,0.400000005960464,11,1,"11_1",0,1
106,31,6,1,11,1,"11_1",1,6
134,31,6,0.800000011920929,11,1,"11_1",1,8
111,31,6,1,11,1,"11_1",1,2
107,31,6,1,11,1,"11_1",1,5
114,31,6,1,11,1,"11_1",1,3
128,31,6,0,11,1,"11_1",0,0
101,31,6,1,11,1,"11_1",1,4
117,31,6,1,11,1,"11_1",1,2
115,31,6,1,11,1,"11_1",1,2
113,31,6,1,11,1,"11_1",1,1
119,31,6,0.600000023841858,11,1,"11_1",1,5
125,31,6,0.600000023841858,11,1,"11_1",1,7
103,31,6,1,11,1,"11_1",1,4
131,31,6,1,11,1,"11_1",1,3
130,31,6,1,11,1,"11_1",1,2
126,31,6,0.400000005960464,11,1,"11_1",0,4
118,31,6,0.400000005960464,11,1,"11_1",0,2
139,32,7,1,5,2,"5_2",1,1
110,32,7,0,5,2,"5_2",0,0
127,32,7,0,5,2,"5_2",0,2
132,32,7,0,5,2,"5_2",0,0
108,32,7,0,5,2,"5_2",0,6
102,32,7,0,5,2,"5_2",0,0
135,32,7,0,5,2,"5_2",0,1
121,32,7,1,5,2,"5_2",1,7
112,32,7,1,5,2,"5_2",1,24
122,32,7,0,5,2,"5_2",0,5
123,32,7,0.5,5,2,"5_2",0,5
140,32,7,0.5,5,2,"5_2",0,2
124,32,7,1,5,2,"5_2",1,15
116,32,7,0,5,2,"5_2",0,3
105,32,7,0,5,2,"5_2",0,0
109,32,7,0,5,2,"5_2",0,0
120,32,7,0.5,5,2,"5_2",0,48
138,32,7,0,5,2,"5_2",0,3
133,32,7,0,5,2,"5_2",0,3
129,32,7,0,5,2,"5_2",0,5
137,32,7,0,5,2,"5_2",0,2
104,32,7,0.5,5,2,"5_2",0,13
136,32,7,0,5,2,"5_2",0,2
106,32,7,0,5,2,"5_2",0,0
134,32,7,0.5,5,2,"5_2",0,18
111,32,7,1,5,2,"5_2",1,32
107,32,7,0,5,2,"5_2",0,5
114,32,7,0,5,2,"5_2",0,0
128,32,7,0.5,5,2,"5_2",0,4
101,32,7,0,5,2,"5_2",0,4
117,32,7,0,5,2,"5_2",0,5
115,32,7,0.5,5,2,"5_2",0,38
113,32,7,0.5,5,2,"5_2",0,9
119,32,7,0,5,2,"5_2",0,2
125,32,7,0,5,2,"5_2",0,6
103,32,7,0,5,2,"5_2",0,2
131,32,7,0,5,2,"5_2",0,0
130,32,7,0,5,2,"5_2",0,12
126,32,7,0,5,2,"5_2",0,5
118,32,7,0,5,2,"5_2",0,0
139,32,8,1,5,2,"5_2",1,1
110,32,8,0,5,2,"5_2",0,0
127,32,8,1,5,2,"5_2",1,2
132,32,8,0,5,2,"5_2",0,0
108,32,8,1,5,2,"5_2",1,5
102,32,8,0,5,2,"5_2",0,0
135,32,8,1,5,2,"5_2",1,1
121,32,8,1,5,2,"5_2",1,1
112,32,8,1,5,2,"5_2",1,2
122,32,8,0,5,2,"5_2",0,1
123,32,8,1,5,2,"5_2",1,2
140,32,8,1,5,2,"5_2",1,1
124,32,8,1,5,2,"5_2",1,3
116,32,8,1,5,2,"5_2",1,1
105,32,8,0,5,2,"5_2",0,6
109,32,8,0,5,2,"5_2",0,0
120,32,8,1,5,2,"5_2",1,1
138,32,8,1,5,2,"5_2",1,1
133,32,8,1,5,2,"5_2",1,1
129,32,8,1,5,2,"5_2",1,1
137,32,8,1,5,2,"5_2",1,1
104,32,8,1,5,2,"5_2",1,2
136,32,8,1,5,2,"5_2",1,1
106,32,8,1,5,2,"5_2",1,1
134,32,8,1,5,2,"5_2",1,1
111,32,8,1,5,2,"5_2",1,3
107,32,8,1,5,2,"5_2",1,2
114,32,8,1,5,2,"5_2",1,1
128,32,8,0,5,2,"5_2",0,3
101,32,8,1,5,2,"5_2",1,1
117,32,8,1,5,2,"5_2",1,1
115,32,8,1,5,2,"5_2",1,3
113,32,8,1,5,2,"5_2",1,1
119,32,8,0,5,2,"5_2",0,2
125,32,8,0,5,2,"5_2",0,4
103,32,8,0,5,2,"5_2",0,5
131,32,8,1,5,2,"5_2",1,1
130,32,8,1,5,2,"5_2",1,2
126,32,8,1,5,2,"5_2",1,1
118,32,8,0,5,2,"5_2",0,0
139,32,9,0.800000011920929,7,1,"7_1",1,2
110,32,9,0,7,1,"7_1",0,0
127,32,9,0,7,1,"7_1",0,1
132,32,9,0,7,1,"7_1",0,0
108,32,9,1,7,1,"7_1",1,3
102,32,9,0,7,1,"7_1",0,0
135,32,9,0.400000005960464,7,1,"7_1",0,1
121,32,9,1,7,1,"7_1",1,3
112,32,9,1,7,1,"7_1",1,4
122,32,9,0.200000002980232,7,1,"7_1",0,1
123,32,9,0,7,1,"7_1",0,3
140,32,9,0.400000005960464,7,1,"7_1",0,2
124,32,9,1,7,1,"7_1",1,5
116,32,9,0.800000011920929,7,1,"7_1",1,4
105,32,9,0.400000005960464,7,1,"7_1",0,4
109,32,9,0,7,1,"7_1",0,0
120,32,9,1,7,1,"7_1",1,12
138,32,9,1,7,1,"7_1",1,1
133,32,9,0.200000002980232,7,1,"7_1",0,2
129,32,9,1,7,1,"7_1",1,2
137,32,9,0.400000005960464,7,1,"7_1",0,1
104,32,9,0,7,1,"7_1",0,0
136,32,9,1,7,1,"7_1",1,2
106,32,9,0.600000023841858,7,1,"7_1",1,3
134,32,9,1,7,1,"7_1",1,5
111,32,9,1,7,1,"7_1",1,4
107,32,9,0.400000005960464,7,1,"7_1",0,2
114,32,9,0,7,1,"7_1",0,0
128,32,9,0.800000011920929,7,1,"7_1",1,4
101,32,9,1,7,1,"7_1",1,5
117,32,9,0.200000002980232,7,1,"7_1",0,3
115,32,9,0.400000005960464,7,1,"7_1",0,2
113,32,9,1,7,1,"7_1",1,5
119,32,9,0.800000011920929,7,1,"7_1",1,2
125,32,9,0,7,1,"7_1",0,3
103,32,9,0.400000005960464,7,1,"7_1",0,10
131,32,9,0.200000002980232,7,1,"7_1",0,6
130,32,9,1,7,1,"7_1",1,1
126,32,9,1,7,1,"7_1",1,9
118,32,9,0,7,1,"7_1",0,0
139,33,9,0.25,9,1,"9_1",0,3
110,33,9,0,9,1,"9_1",0,0
127,33,9,0,9,1,"9_1",0,1
132,33,9,0.75,9,1,"9_1",1,5
108,33,9,1,9,1,"9_1",1,5
102,33,9,0,9,1,"9_1",0,0
135,33,9,0,9,1,"9_1",0,0
121,33,9,1,9,1,"9_1",1,3
112,33,9,0.75,9,1,"9_1",1,7
122,33,9,0.5,9,1,"9_1",0,3
123,33,9,1,9,1,"9_1",1,3
140,33,9,1,9,1,"9_1",1,4
124,33,9,1,9,1,"9_1",1,10
116,33,9,1,9,1,"9_1",1,2
105,33,9,0.75,9,1,"9_1",1,7
109,33,9,0,9,1,"9_1",0,0
120,33,9,1,9,1,"9_1",1,18
138,33,9,0,9,1,"9_1",0,0
133,33,9,1,9,1,"9_1",1,5
129,33,9,1,9,1,"9_1",1,2
137,33,9,0.5,9,1,"9_1",0,6
104,33,9,0,9,1,"9_1",0,0
136,33,9,0.5,9,1,"9_1",0,1
106,33,9,1,9,1,"9_1",1,2
134,33,9,1,9,1,"9_1",1,5
111,33,9,1,9,1,"9_1",1,7
107,33,9,1,9,1,"9_1",1,7
114,33,9,0,9,1,"9_1",0,0
128,33,9,1,9,1,"9_1",1,1
101,33,9,1,9,1,"9_1",1,4
117,33,9,0.5,9,1,"9_1",0,4
115,33,9,1,9,1,"9_1",1,5
113,33,9,1,9,1,"9_1",1,11
119,33,9,0,9,1,"9_1",0,1
125,33,9,0.25,9,1,"9_1",0,1
103,33,9,1,9,1,"9_1",1,8
131,33,9,0.25,9,1,"9_1",0,2
130,33,9,1,9,1,"9_1",1,2
126,33,9,0.5,9,1,"9_1",0,5
118,33,9,0,9,1,"9_1",0,0
139,16,4,1,7,2,"7_2",1,4
110,16,4,1,7,2,"7_2",1,1
127,16,4,0.5,7,2,"7_2",0,2
132,16,4,1,7,2,"7_2",1,4
108,16,4,1,7,2,"7_2",1,2
102,16,4,0.5,7,2,"7_2",0,1
135,16,4,1,7,2,"7_2",1,1
121,16,4,1,7,2,"7_2",1,4
112,16,4,1,7,2,"7_2",1,2
122,16,4,1,7,2,"7_2",1,2
123,16,4,1,7,2,"7_2",1,1
140,16,4,1,7,2,"7_2",1,3
124,16,4,1,7,2,"7_2",1,8
116,16,4,1,7,2,"7_2",1,1
105,16,4,1,7,2,"7_2",1,11
109,16,4,1,7,2,"7_2",1,1
120,16,4,1,7,2,"7_2",1,8
138,16,4,1,7,2,"7_2",1,4
133,16,4,1,7,2,"7_2",1,4
129,16,4,1,7,2,"7_2",1,7
137,16,4,1,7,2,"7_2",1,2
104,16,4,1,7,2,"7_2",1,4
136,16,4,1,7,2,"7_2",1,1
106,16,4,1,7,2,"7_2",1,2
134,16,4,1,7,2,"7_2",1,2
111,16,4,1,7,2,"7_2",1,1
107,16,4,0.5,7,2,"7_2",0,1
114,16,4,1,7,2,"7_2",1,2
128,16,4,1,7,2,"7_2",1,1
101,16,4,1,7,2,"7_2",1,4
117,16,4,1,7,2,"7_2",1,2
115,16,4,0.5,7,2,"7_2",0,8
113,16,4,1,7,2,"7_2",1,2
119,16,4,0,7,2,"7_2",0,0
125,16,4,1,7,2,"7_2",1,2
103,16,4,1,7,2,"7_2",1,4
131,16,4,1,7,2,"7_2",1,1
130,16,4,1,7,2,"7_2",1,2
126,16,4,1,7,2,"7_2",1,3
118,16,4,1,7,2,"7_2",1,3
139,16,5,1,7,2,"7_2",1,3
110,16,5,0.666666686534882,7,2,"7_2",1,1
127,16,5,0,7,2,"7_2",0,0
132,16,5,1,7,2,"7_2",1,3
108,16,5,1,7,2,"7_2",1,2
102,16,5,0.333333343267441,7,2,"7_2",0,2
135,16,5,1,7,2,"7_2",1,1
121,16,5,1,7,2,"7_2",1,2
112,16,5,1,7,2,"7_2",1,1
122,16,5,0.333333343267441,7,2,"7_2",0,2
123,16,5,1,7,2,"7_2",1,1
140,16,5,1,7,2,"7_2",1,3
124,16,5,1,7,2,"7_2",1,3
116,16,5,1,7,2,"7_2",1,1
105,16,5,1,7,2,"7_2",1,1
109,16,5,1,7,2,"7_2",1,1
120,16,5,1,7,2,"7_2",1,7
138,16,5,1,7,2,"7_2",1,1
133,16,5,1,7,2,"7_2",1,3
129,16,5,1,7,2,"7_2",1,2
137,16,5,1,7,2,"7_2",1,3
104,16,5,1,7,2,"7_2",1,4
136,16,5,1,7,2,"7_2",1,1
106,16,5,1,7,2,"7_2",1,4
134,16,5,1,7,2,"7_2",1,2
111,16,5,1,7,2,"7_2",1,2
107,16,5,0,7,2,"7_2",0,0
114,16,5,1,7,2,"7_2",1,1
128,16,5,1,7,2,"7_2",1,1
101,16,5,1,7,2,"7_2",1,1
117,16,5,1,7,2,"7_2",1,3
115,16,5,1,7,2,"7_2",1,1
113,16,5,1,7,2,"7_2",1,1
119,16,5,0,7,2,"7_2",0,0
125,16,5,1,7,2,"7_2",1,4
103,16,5,1,7,2,"7_2",1,8
131,16,5,0.333333343267441,7,2,"7_2",0,1
130,16,5,1,7,2,"7_2",1,1
126,16,5,1,7,2,"7_2",1,3
118,16,5,1,7,2,"7_2",1,2
139,16,7,1,7,2,"7_2",1,2
110,16,7,0.5,7,2,"7_2",0,1
127,16,7,0,7,2,"7_2",0,0
132,16,7,1,7,2,"7_2",1,7
108,16,7,1,7,2,"7_2",1,3
102,16,7,0.75,7,2,"7_2",1,3
135,16,7,0.75,7,2,"7_2",1,1
121,16,7,1,7,2,"7_2",1,2
112,16,7,1,7,2,"7_2",1,2
122,16,7,1,7,2,"7_2",1,3
123,16,7,1,7,2,"7_2",1,1
140,16,7,1,7,2,"7_2",1,4
124,16,7,1,7,2,"7_2",1,5
116,16,7,1,7,2,"7_2",1,2
105,16,7,0.75,7,2,"7_2",1,11
109,16,7,1,7,2,"7_2",1,2
120,16,7,1,7,2,"7_2",1,6
138,16,7,0.75,7,2,"7_2",1,5
133,16,7,1,7,2,"7_2",1,2
129,16,7,1,7,2,"7_2",1,3
137,16,7,1,7,2,"7_2",1,3
104,16,7,1,7,2,"7_2",1,4
136,16,7,1,7,2,"7_2",1,1
106,16,7,1,7,2,"7_2",1,4
134,16,7,1,7,2,"7_2",1,3
111,16,7,1,7,2,"7_2",1,3
107,16,7,0,7,2,"7_2",0,0
114,16,7,1,7,2,"7_2",1,1
128,16,7,1,7,2,"7_2",1,1
101,16,7,1,7,2,"7_2",1,2
117,16,7,1,7,2,"7_2",1,4
115,16,7,1,7,2,"7_2",1,2
113,16,7,1,7,2,"7_2",1,1
119,16,7,0,7,2,"7_2",0,0
125,16,7,1,7,2,"7_2",1,6
103,16,7,1,7,2,"7_2",1,7
131,16,7,0,7,2,"7_2",0,0
130,16,7,1,7,2,"7_2",1,1
126,16,7,1,7,2,"7_2",1,2
118,16,7,1,7,2,"7_2",1,2
139,16,9,1,7,2,"7_2",1,2
110,16,9,0,7,2,"7_2",0,0
127,16,9,0,7,2,"7_2",0,0
132,16,9,1,7,2,"7_2",1,3
108,16,9,1,7,2,"7_2",1,3
102,16,9,1,7,2,"7_2",1,7
135,16,9,1,7,2,"7_2",1,6
121,16,9,1,7,2,"7_2",1,3
112,16,9,1,7,2,"7_2",1,2
122,16,9,1,7,2,"7_2",1,1
123,16,9,1,7,2,"7_2",1,3
140,16,9,1,7,2,"7_2",1,6
124,16,9,1,7,2,"7_2",1,3
116,16,9,1,7,2,"7_2",1,4
105,16,9,1,7,2,"7_2",1,3
109,16,9,1,7,2,"7_2",1,3
120,16,9,1,7,2,"7_2",1,5
138,16,9,1,7,2,"7_2",1,2
133,16,9,1,7,2,"7_2",1,4
129,16,9,1,7,2,"7_2",1,1
137,16,9,1,7,2,"7_2",1,7
104,16,9,1,7,2,"7_2",1,3
136,16,9,1,7,2,"7_2",1,1
106,16,9,1,7,2,"7_2",1,1
134,16,9,1,7,2,"7_2",1,1
111,16,9,1,7,2,"7_2",1,3
107,16,9,1,7,2,"7_2",1,2
114,16,9,1,7,2,"7_2",1,1
128,16,9,1,7,2,"7_2",1,3
101,16,9,1,7,2,"7_2",1,1
117,16,9,1,7,2,"7_2",1,10
115,16,9,1,7,2,"7_2",1,8
113,16,9,1,7,2,"7_2",1,4
119,16,9,0,7,2,"7_2",0,1
125,16,9,1,7,2,"7_2",1,1
103,16,9,1,7,2,"7_2",1,10
131,16,9,0,7,2,"7_2",0,0
130,16,9,1,7,2,"7_2",1,1
126,16,9,1,7,2,"7_2",1,5
118,16,9,1,7,2,"7_2",1,4
